date,value,indicator
2016-08-08,46.5,Brent Crude Price (USD/barrel)
2016-08-15,49.03,Brent Crude Price (USD/barrel)
2016-08-22,49.62,Brent Crude Price (USD/barrel)
2016-08-29,47.59,Brent Crude Price (USD/barrel)
2016-09-05,48.22,Brent Crude Price (USD/barrel)
2016-09-12,47.05,Brent Crude Price (USD/barrel)
2016-09-19,46.67,Brent Crude Price (USD/barrel)
2016-09-26,47.72,Brent Crude Price (USD/barrel)
2016-10-03,50.97,Brent Crude Price (USD/barrel)
2016-10-10,52.33,Brent Crude Price (USD/barrel)
2016-10-17,52.14,Brent Crude Price (USD/barrel)
2016-10-24,50.67,Brent Crude Price (USD/barrel)
2016-10-31,47.39,Brent Crude Price (USD/barrel)
2016-11-07,45.58,Brent Crude Price (USD/barrel)
2016-11-14,45.6,Brent Crude Price (USD/barrel)
2016-11-21,48.49,Brent Crude Price (USD/barrel)
2016-11-28,50.21,Brent Crude Price (USD/barrel)
2016-12-05,54.08,Brent Crude Price (USD/barrel)
2016-12-12,55.32,Brent Crude Price (USD/barrel)
2016-12-19,54.98,Brent Crude Price (USD/barrel)
2016-12-26,55.84,Brent Crude Price (USD/barrel)
2017-01-02,56.83,Brent Crude Price (USD/barrel)
2017-01-09,55.28,Brent Crude Price (USD/barrel)
2017-01-16,55.38,Brent Crude Price (USD/barrel)
2017-01-23,55.6,Brent Crude Price (USD/barrel)
2017-01-30,56.18,Brent Crude Price (USD/barrel)
2017-02-06,55.66,Brent Crude Price (USD/barrel)
2017-02-13,55.95,Brent Crude Price (USD/barrel)
2017-02-20,56.47,Brent Crude Price (USD/barrel)
2017-02-27,55.88,Brent Crude Price (USD/barrel)
2017-03-06,53.9,Brent Crude Price (USD/barrel)
2017-03-13,51.42,Brent Crude Price (USD/barrel)
2017-03-20,50.92,Brent Crude Price (USD/barrel)
2017-03-27,51.67,Brent Crude Price (USD/barrel)
2017-04-03,54.41,Brent Crude Price (USD/barrel)
2017-04-10,55.94,Brent Crude Price (USD/barrel)
2017-04-17,53.77,Brent Crude Price (USD/barrel)
2017-04-24,51.51,Brent Crude Price (USD/barrel)
2017-05-01,49.4,Brent Crude Price (USD/barrel)
2017-05-08,49.78,Brent Crude Price (USD/barrel)
2017-05-15,52.22,Brent Crude Price (USD/barrel)
2017-05-22,52.68,Brent Crude Price (USD/barrel)
2017-05-29,50.78,Brent Crude Price (USD/barrel)
2017-06-05,49.08,Brent Crude Price (USD/barrel)
2017-06-12,47.91,Brent Crude Price (USD/barrel)
2017-06-19,46.06,Brent Crude Price (USD/barrel)
2017-06-26,46.62,Brent Crude Price (USD/barrel)
2017-07-03,48.08,Brent Crude Price (USD/barrel)
2017-07-10,47.6,Brent Crude Price (USD/barrel)
2017-07-17,49.0,Brent Crude Price (USD/barrel)
2017-07-24,50.17,Brent Crude Price (USD/barrel)
2017-07-31,52.03,Brent Crude Price (USD/barrel)
2017-08-07,52.47,Brent Crude Price (USD/barrel)
2017-08-14,51.47,Brent Crude Price (USD/barrel)
2017-08-21,52.1,Brent Crude Price (USD/barrel)
2017-08-28,51.65,Brent Crude Price (USD/barrel)
2017-09-04,53.42,Brent Crude Price (USD/barrel)
2017-09-11,54.52,Brent Crude Price (USD/barrel)
2017-09-18,55.86,Brent Crude Price (USD/barrel)
2017-09-25,58.1,Brent Crude Price (USD/barrel)
2017-10-02,56.2,Brent Crude Price (USD/barrel)
2017-10-09,56.31,Brent Crude Price (USD/barrel)
2017-10-16,57.57,Brent Crude Price (USD/barrel)
2017-10-23,58.84,Brent Crude Price (USD/barrel)
2017-10-30,61.13,Brent Crude Price (USD/barrel)
2017-11-06,63.39,Brent Crude Price (USD/barrel)
2017-11-13,62.41,Brent Crude Price (USD/barrel)
2017-11-20,62.69,Brent Crude Price (USD/barrel)
2017-11-27,63.37,Brent Crude Price (USD/barrel)
2017-12-04,62.39,Brent Crude Price (USD/barrel)
2017-12-11,63.92,Brent Crude Price (USD/barrel)
2017-12-18,64.14,Brent Crude Price (USD/barrel)
2017-12-25,66.05,Brent Crude Price (USD/barrel)
2018-01-01,67.25,Brent Crude Price (USD/barrel)
2018-01-08,68.74,Brent Crude Price (USD/barrel)
2018-01-15,69.32,Brent Crude Price (USD/barrel)
2018-01-22,69.83,Brent Crude Price (USD/barrel)
2018-01-29,69.3,Brent Crude Price (USD/barrel)
2018-02-05,65.11,Brent Crude Price (USD/barrel)
2018-02-12,63.48,Brent Crude Price (USD/barrel)
2018-02-19,65.89,Brent Crude Price (USD/barrel)
2018-02-26,65.55,Brent Crude Price (USD/barrel)
2018-03-05,64.79,Brent Crude Price (USD/barrel)
2018-03-12,65.23,Brent Crude Price (USD/barrel)
2018-03-19,67.98,Brent Crude Price (USD/barrel)
2018-03-26,69.92,Brent Crude Price (USD/barrel)
2018-04-02,68.36,Brent Crude Price (USD/barrel)
2018-04-09,70.06,Brent Crude Price (USD/barrel)
2018-04-16,72.78,Brent Crude Price (USD/barrel)
2018-04-23,74.29,Brent Crude Price (USD/barrel)
2018-04-30,73.87,Brent Crude Price (USD/barrel)
2018-05-07,75.53,Brent Crude Price (USD/barrel)
2018-05-14,78.52,Brent Crude Price (USD/barrel)
2018-05-21,78.24,Brent Crude Price (USD/barrel)
2018-05-28,76.62,Brent Crude Price (USD/barrel)
2018-06-04,75.7,Brent Crude Price (USD/barrel)
2018-06-11,75.07,Brent Crude Price (USD/barrel)
2018-06-18,74.15,Brent Crude Price (USD/barrel)
2018-06-25,76.72,Brent Crude Price (USD/barrel)
2018-07-02,77.65,Brent Crude Price (USD/barrel)
2018-07-09,76.09,Brent Crude Price (USD/barrel)
2018-07-16,73.28,Brent Crude Price (USD/barrel)
2018-07-23,73.69,Brent Crude Price (USD/barrel)
2018-07-30,73.55,Brent Crude Price (USD/barrel)
2018-08-06,73.16,Brent Crude Price (USD/barrel)
2018-08-13,72.12,Brent Crude Price (USD/barrel)
2018-08-20,73.92,Brent Crude Price (USD/barrel)
2018-08-27,76.7,Brent Crude Price (USD/barrel)
2018-09-03,77.67,Brent Crude Price (USD/barrel)
2018-09-10,78.48,Brent Crude Price (USD/barrel)
2018-09-17,78.81,Brent Crude Price (USD/barrel)
2018-09-24,80.97,Brent Crude Price (USD/barrel)
2018-10-01,84.64,Brent Crude Price (USD/barrel)
2018-10-08,82.33,Brent Crude Price (USD/barrel)
2018-10-15,80.3,Brent Crude Price (USD/barrel)
2018-10-22,77.76,Brent Crude Price (USD/barrel)
2018-10-29,75.09,Brent Crude Price (USD/barrel)
2018-11-05,71.64,Brent Crude Price (USD/barrel)
2018-11-12,68.25,Brent Crude Price (USD/barrel)
2018-11-19,63.03,Brent Crude Price (USD/barrel)
2018-11-26,59.46,Brent Crude Price (USD/barrel)
2018-12-03,61.05,Brent Crude Price (USD/barrel)
2018-12-10,60.83,Brent Crude Price (USD/barrel)
2018-12-17,57.0,Brent Crude Price (USD/barrel)
2018-12-24,52.62,Brent Crude Price (USD/barrel)
2018-12-31,55.4,Brent Crude Price (USD/barrel)
2019-01-07,59.79,Brent Crude Price (USD/barrel)
2019-01-14,60.95,Brent Crude Price (USD/barrel)
2019-01-21,61.67,Brent Crude Price (USD/barrel)
2019-01-28,61.06,Brent Crude Price (USD/barrel)
2019-02-04,62.12,Brent Crude Price (USD/barrel)
2019-02-11,63.65,Brent Crude Price (USD/barrel)
2019-02-18,66.66,Brent Crude Price (USD/barrel)
2019-02-25,65.9,Brent Crude Price (USD/barrel)
2019-03-04,65.5,Brent Crude Price (USD/barrel)
2019-03-11,66.89,Brent Crude Price (USD/barrel)
2019-03-18,67.45,Brent Crude Price (USD/barrel)
2019-03-25,67.62,Brent Crude Price (USD/barrel)
2019-04-01,69.01,Brent Crude Price (USD/barrel)
2019-04-08,71.08,Brent Crude Price (USD/barrel)
2019-04-15,71.51,Brent Crude Price (USD/barrel)
2019-04-22,73.44,Brent Crude Price (USD/barrel)
2019-04-29,71.44,Brent Crude Price (USD/barrel)
2019-05-06,70.28,Brent Crude Price (USD/barrel)
2019-05-13,71.54,Brent Crude Price (USD/barrel)
2019-05-20,70.19,Brent Crude Price (USD/barrel)
2019-05-27,67.5,Brent Crude Price (USD/barrel)
2019-06-03,61.52,Brent Crude Price (USD/barrel)
2019-06-10,61.85,Brent Crude Price (USD/barrel)
2019-06-17,63.0,Brent Crude Price (USD/barrel)
2019-06-24,65.48,Brent Crude Price (USD/barrel)
2019-07-01,64.4,Brent Crude Price (USD/barrel)
2019-07-08,65.69,Brent Crude Price (USD/barrel)
2019-07-15,64.38,Brent Crude Price (USD/barrel)
2019-07-22,63.63,Brent Crude Price (USD/barrel)
2019-07-29,62.69,Brent Crude Price (USD/barrel)
2019-08-05,58.72,Brent Crude Price (USD/barrel)
2019-08-12,59.59,Brent Crude Price (USD/barrel)
2019-08-19,59.86,Brent Crude Price (USD/barrel)
2019-08-26,59.73,Brent Crude Price (USD/barrel)
2019-09-02,59.81,Brent Crude Price (USD/barrel)
2019-09-09,61.34,Brent Crude Price (USD/barrel)
2019-09-16,67.03,Brent Crude Price (USD/barrel)
2019-09-23,63.05,Brent Crude Price (USD/barrel)
2019-09-30,59.12,Brent Crude Price (USD/barrel)
2019-10-07,58.9,Brent Crude Price (USD/barrel)
2019-10-14,59.38,Brent Crude Price (USD/barrel)
2019-10-21,60.18,Brent Crude Price (USD/barrel)
2019-10-28,60.87,Brent Crude Price (USD/barrel)
2019-11-04,61.99,Brent Crude Price (USD/barrel)
2019-11-11,62.43,Brent Crude Price (USD/barrel)
2019-11-18,62.3,Brent Crude Price (USD/barrel)
2019-11-25,63.5,Brent Crude Price (USD/barrel)
2019-12-02,62.58,Brent Crude Price (USD/barrel)
2019-12-09,64.39,Brent Crude Price (USD/barrel)
2019-12-16,65.83,Brent Crude Price (USD/barrel)
2019-12-23,67.05,Brent Crude Price (USD/barrel)
2019-12-30,67.56,Brent Crude Price (USD/barrel)
2020-01-06,68.27,Brent Crude Price (USD/barrel)
2020-01-13,64.4,Brent Crude Price (USD/barrel)
2020-01-20,63.11,Brent Crude Price (USD/barrel)
2020-01-27,59.17,Brent Crude Price (USD/barrel)
2020-02-03,55.22,Brent Crude Price (USD/barrel)
2020-02-10,55.32,Brent Crude Price (USD/barrel)
2020-02-17,58.16,Brent Crude Price (USD/barrel)
2020-02-24,54.12,Brent Crude Price (USD/barrel)
2020-03-02,49.51,Brent Crude Price (USD/barrel)
2020-03-09,35.43,Brent Crude Price (USD/barrel)
2020-03-16,29.53,Brent Crude Price (USD/barrel)
2020-03-23,26.4,Brent Crude Price (USD/barrel)
2020-03-30,28.35,Brent Crude Price (USD/barrel)
2020-04-06,33.49,Brent Crude Price (USD/barrel)
2020-04-13,30.2,Brent Crude Price (USD/barrel)
2020-04-20,22.12,Brent Crude Price (USD/barrel)
2020-04-27,23.34,Brent Crude Price (USD/barrel)
2020-05-04,28.99,Brent Crude Price (USD/barrel)
2020-05-11,30.89,Brent Crude Price (USD/barrel)
2020-05-18,34.84,Brent Crude Price (USD/barrel)
2020-05-25,35.03,Brent Crude Price (USD/barrel)
2020-06-01,39.82,Brent Crude Price (USD/barrel)
2020-06-08,40.22,Brent Crude Price (USD/barrel)
2020-06-15,40.09,Brent Crude Price (USD/barrel)
2020-06-22,41.7,Brent Crude Price (USD/barrel)
2020-06-29,41.64,Brent Crude Price (USD/barrel)
2020-07-06,42.51,Brent Crude Price (USD/barrel)
2020-07-13,42.82,Brent Crude Price (USD/barrel)
2020-07-20,43.62,Brent Crude Price (USD/barrel)
2020-07-27,42.66,Brent Crude Price (USD/barrel)
2020-08-03,44.57,Brent Crude Price (USD/barrel)
2020-08-10,45.09,Brent Crude Price (USD/barrel)
2020-08-17,44.57,Brent Crude Price (USD/barrel)
2020-08-24,45.18,Brent Crude Price (USD/barrel)
2020-08-31,44.4,Brent Crude Price (USD/barrel)
2020-09-07,40.86,Brent Crude Price (USD/barrel)
2020-09-14,41.56,Brent Crude Price (USD/barrel)
2020-09-21,42.13,Brent Crude Price (USD/barrel)
2020-09-28,40.7,Brent Crude Price (USD/barrel)
2020-10-05,41.39,Brent Crude Price (USD/barrel)
2020-10-12,42.47,Brent Crude Price (USD/barrel)
2020-10-19,42.39,Brent Crude Price (USD/barrel)
2020-10-26,39.16,Brent Crude Price (USD/barrel)
2020-11-02,38.62,Brent Crude Price (USD/barrel)
2020-11-09,42.46,Brent Crude Price (USD/barrel)
2020-11-16,43.91,Brent Crude Price (USD/barrel)
2020-11-23,46.99,Brent Crude Price (USD/barrel)
2020-11-30,48.32,Brent Crude Price (USD/barrel)
2020-12-07,49.59,Brent Crude Price (USD/barrel)
2020-12-14,50.83,Brent Crude Price (USD/barrel)
2020-12-21,50.76,Brent Crude Price (USD/barrel)
2020-12-28,51.27,Brent Crude Price (USD/barrel)
2021-01-04,53.44,Brent Crude Price (USD/barrel)
2021-01-11,56.03,Brent Crude Price (USD/barrel)
2021-01-18,55.56,Brent Crude Price (USD/barrel)
2021-01-25,55.84,Brent Crude Price (USD/barrel)
2021-02-01,57.2,Brent Crude Price (USD/barrel)
2021-02-08,61.19,Brent Crude Price (USD/barrel)
2021-02-15,63.8,Brent Crude Price (USD/barrel)
2021-02-22,65.14,Brent Crude Price (USD/barrel)
2021-03-01,66.02,Brent Crude Price (USD/barrel)
2021-03-08,68.94,Brent Crude Price (USD/barrel)
2021-03-15,65.72,Brent Crude Price (USD/barrel)
2021-03-22,62.66,Brent Crude Price (USD/barrel)
2021-03-29,64.01,Brent Crude Price (USD/barrel)
2021-04-05,63.02,Brent Crude Price (USD/barrel)
2021-04-12,64.89,Brent Crude Price (USD/barrel)
2021-04-19,66.33,Brent Crude Price (USD/barrel)
2021-04-26,66.76,Brent Crude Price (USD/barrel)
2021-05-03,68.02,Brent Crude Price (USD/barrel)
2021-05-10,68.37,Brent Crude Price (USD/barrel)
2021-05-17,67.4,Brent Crude Price (USD/barrel)
2021-05-24,68.15,Brent Crude Price (USD/barrel)
2021-05-31,70.47,Brent Crude Price (USD/barrel)
2021-06-07,71.9,Brent Crude Price (USD/barrel)
2021-06-14,73.48,Brent Crude Price (USD/barrel)
2021-06-21,74.6,Brent Crude Price (USD/barrel)
2021-06-28,75.33,Brent Crude Price (USD/barrel)
2021-07-05,74.97,Brent Crude Price (USD/barrel)
2021-07-12,74.52,Brent Crude Price (USD/barrel)
2021-07-19,70.81,Brent Crude Price (USD/barrel)
2021-07-26,74.57,Brent Crude Price (USD/barrel)
2021-08-02,72.54,Brent Crude Price (USD/barrel)
2021-08-09,69.75,Brent Crude Price (USD/barrel)
2021-08-16,67.6,Brent Crude Price (USD/barrel)
2021-08-23,68.78,Brent Crude Price (USD/barrel)
2021-08-30,72.06,Brent Crude Price (USD/barrel)
2021-09-06,72.04,Brent Crude Price (USD/barrel)
2021-09-13,74.41,Brent Crude Price (USD/barrel)
2021-09-20,75.75,Brent Crude Price (USD/barrel)
2021-09-27,79.13,Brent Crude Price (USD/barrel)
2021-10-04,81.1,Brent Crude Price (USD/barrel)
2021-10-11,83.65,Brent Crude Price (USD/barrel)
2021-10-18,84.74,Brent Crude Price (USD/barrel)
2021-10-25,84.51,Brent Crude Price (USD/barrel)
2021-11-01,82.71,Brent Crude Price (USD/barrel)
2021-11-08,83.38,Brent Crude Price (USD/barrel)
2021-11-15,80.6,Brent Crude Price (USD/barrel)
2021-11-22,77.56,Brent Crude Price (USD/barrel)
2021-11-29,71.38,Brent Crude Price (USD/barrel)
2021-12-06,73.49,Brent Crude Price (USD/barrel)
2021-12-13,74.44,Brent Crude Price (USD/barrel)
2021-12-20,73.12,Brent Crude Price (USD/barrel)
2021-12-27,77.96,Brent Crude Price (USD/barrel)
2022-01-03,80.01,Brent Crude Price (USD/barrel)
2022-01-10,83.49,Brent Crude Price (USD/barrel)
2022-01-17,87.53,Brent Crude Price (USD/barrel)
2022-01-24,88.35,Brent Crude Price (USD/barrel)
2022-01-31,90.71,Brent Crude Price (USD/barrel)
2022-02-07,92.78,Brent Crude Price (USD/barrel)
2022-02-14,93.52,Brent Crude Price (USD/barrel)
2022-02-21,99.15,Brent Crude Price (USD/barrel)
2022-02-28,108.73,Brent Crude Price (USD/barrel)
2022-03-07,122.06,Brent Crude Price (USD/barrel)
2022-03-14,104.99,Brent Crude Price (USD/barrel)
2022-03-21,115.39,Brent Crude Price (USD/barrel)
2022-03-28,111.34,Brent Crude Price (USD/barrel)
2022-04-04,104.15,Brent Crude Price (USD/barrel)
2022-04-11,105.01,Brent Crude Price (USD/barrel)
2022-04-18,109.74,Brent Crude Price (USD/barrel)
2022-04-25,104.62,Brent Crude Price (USD/barrel)
2022-05-02,108.56,Brent Crude Price (USD/barrel)
2022-05-09,107.08,Brent Crude Price (USD/barrel)
2022-05-16,110.68,Brent Crude Price (USD/barrel)
2022-05-23,115.73,Brent Crude Price (USD/barrel)
2022-05-30,118.31,Brent Crude Price (USD/barrel)
2022-06-06,121.49,Brent Crude Price (USD/barrel)
2022-06-13,118.45,Brent Crude Price (USD/barrel)
2022-06-20,111.64,Brent Crude Price (USD/barrel)
2022-06-27,114.19,Brent Crude Price (USD/barrel)
2022-07-04,106.58,Brent Crude Price (USD/barrel)
2022-07-11,101.08,Brent Crude Price (USD/barrel)
2022-07-18,103.54,Brent Crude Price (USD/barrel)
2022-07-25,106.05,Brent Crude Price (USD/barrel)
2022-08-01,98.56,Brent Crude Price (USD/barrel)
2022-08-08,96.67,Brent Crude Price (USD/barrel)
2022-08-15,94.78,Brent Crude Price (USD/barrel)
2022-08-22,97.42,Brent Crude Price (USD/barrel)
2022-08-29,98.65,Brent Crude Price (USD/barrel)
2022-09-05,92.11,Brent Crude Price (USD/barrel)
2022-09-12,92.93,Brent Crude Price (USD/barrel)
2022-09-19,89.49,Brent Crude Price (USD/barrel)
2022-09-26,86.86,Brent Crude Price (USD/barrel)
2022-10-03,92.55,Brent Crude Price (USD/barrel)
2022-10-10,94.92,Brent Crude Price (USD/barrel)
2022-10-17,91.77,Brent Crude Price (USD/barrel)
2022-10-24,94.24,Brent Crude Price (USD/barrel)
2022-10-31,95.59,Brent Crude Price (USD/barrel)
2022-11-07,95.62,Brent Crude Price (USD/barrel)
2022-11-14,91.35,Brent Crude Price (USD/barrel)
2022-11-21,86.1,Brent Crude Price (USD/barrel)
2022-11-28,85.03,Brent Crude Price (USD/barrel)
2022-12-05,81.77,Brent Crude Price (USD/barrel)
2022-12-12,79.23,Brent Crude Price (USD/barrel)
2022-12-19,81.34,Brent Crude Price (USD/barrel)
2022-12-26,83.79,Brent Crude Price (USD/barrel)
2023-01-02,82.31,Brent Crude Price (USD/barrel)
2023-01-09,81.91,Brent Crude Price (USD/barrel)
2023-01-16,85.79,Brent Crude Price (USD/barrel)
2023-01-23,87.26,Brent Crude Price (USD/barrel)
2023-01-30,83.5,Brent Crude Price (USD/barrel)
2023-02-06,83.0,Brent Crude Price (USD/barrel)
2023-02-13,84.37,Brent Crude Price (USD/barrel)
2023-02-20,82.31,Brent Crude Price (USD/barrel)
2023-02-27,83.87,Brent Crude Price (USD/barrel)
2023-03-06,83.75,Brent Crude Price (USD/barrel)
2023-03-13,77.41,Brent Crude Price (USD/barrel)
2023-03-20,73.78,Brent Crude Price (USD/barrel)
2023-03-27,77.28,Brent Crude Price (USD/barrel)
2023-04-03,84.76,Brent Crude Price (USD/barrel)
2023-04-10,85.62,Brent Crude Price (USD/barrel)
2023-04-17,83.48,Brent Crude Price (USD/barrel)
2023-04-24,80.22,Brent Crude Price (USD/barrel)
2023-05-01,74.19,Brent Crude Price (USD/barrel)
2023-05-08,75.81,Brent Crude Price (USD/barrel)
2023-05-15,75.49,Brent Crude Price (USD/barrel)
2023-05-22,76.61,Brent Crude Price (USD/barrel)
2023-05-29,74.65,Brent Crude Price (USD/barrel)
2023-06-05,76.15,Brent Crude Price (USD/barrel)
2023-06-12,74.15,Brent Crude Price (USD/barrel)
2023-06-19,74.67,Brent Crude Price (USD/barrel)
2023-06-26,73.35,Brent Crude Price (USD/barrel)
2023-07-03,76.56,Brent Crude Price (USD/barrel)
2023-07-10,79.54,Brent Crude Price (USD/barrel)
2023-07-17,79.72,Brent Crude Price (USD/barrel)
2023-07-24,82.76,Brent Crude Price (USD/barrel)
2023-07-31,84.51,Brent Crude Price (USD/barrel)
2023-08-07,85.71,Brent Crude Price (USD/barrel)
2023-08-14,84.88,Brent Crude Price (USD/barrel)
2023-08-21,83.92,Brent Crude Price (USD/barrel)
2023-08-28,86.37,Brent Crude Price (USD/barrel)
2023-09-04,89.62,Brent Crude Price (USD/barrel)
2023-09-11,92.37,Brent Crude Price (USD/barrel)
2023-09-18,94.07,Brent Crude Price (USD/barrel)
2023-09-25,94.72,Brent Crude Price (USD/barrel)
2023-10-02,88.38,Brent Crude Price (USD/barrel)
2023-10-09,88.08,Brent Crude Price (USD/barrel)
2023-10-16,91.33,Brent Crude Price (USD/barrel)
2023-10-23,89.55,Brent Crude Price (USD/barrel)
2023-10-30,87.43,Brent Crude Price (USD/barrel)
2023-11-06,82.81,Brent Crude Price (USD/barrel)
2023-11-13,80.28,Brent Crude Price (USD/barrel)
2023-11-20,80.67,Brent Crude Price (USD/barrel)
2023-11-27,81.73,Brent Crude Price (USD/barrel)
2023-12-04,76.64,Brent Crude Price (USD/barrel)
2023-12-11,74.83,Brent Crude Price (USD/barrel)
2023-12-18,78.19,Brent Crude Price (USD/barrel)
2023-12-25,79.23,Brent Crude Price (USD/barrel)
2024-01-01,77.1,Brent Crude Price (USD/barrel)
2024-01-08,78.0,Brent Crude Price (USD/barrel)
2024-01-15,78.12,Brent Crude Price (USD/barrel)
2024-01-22,80.83,Brent Crude Price (USD/barrel)
2024-01-29,80.83,Brent Crude Price (USD/barrel)
2024-02-05,79.54,Brent Crude Price (USD/barrel)
2024-02-12,82.19,Brent Crude Price (USD/barrel)
2024-02-19,82.71,Brent Crude Price (USD/barrel)
2024-02-26,82.68,Brent Crude Price (USD/barrel)
2024-03-04,82.89,Brent Crude Price (USD/barrel)
2024-03-11,83.38,Brent Crude Price (USD/barrel)
2024-03-18,86.38,Brent Crude Price (USD/barrel)
2024-03-25,86.33,Brent Crude Price (USD/barrel)
2024-04-01,89.16,Brent Crude Price (USD/barrel)
2024-04-08,90.49,Brent Crude Price (USD/barrel)
2024-04-15,88.62,Brent Crude Price (USD/barrel)
2024-04-22,87.81,Brent Crude Price (USD/barrel)
2024-04-29,86.05,Brent Crude Price (USD/barrel)
2024-05-06,83.12,Brent Crude Price (USD/barrel)
2024-05-13,82.55,Brent Crude Price (USD/barrel)
2024-05-20,82.58,Brent Crude Price (USD/barrel)
2024-05-27,83.1,Brent Crude Price (USD/barrel)
2024-06-03,79.19,Brent Crude Price (USD/barrel)
2024-06-10,81.37,Brent Crude Price (USD/barrel)
2024-06-17,84.17,Brent Crude Price (USD/barrel)
2024-06-24,85.86,Brent Crude Price (USD/barrel)
2024-07-01,86.41,Brent Crude Price (USD/barrel)
2024-07-08,85.46,Brent Crude Price (USD/barrel)
2024-07-15,84.19,Brent Crude Price (USD/barrel)
2024-07-22,81.65,Brent Crude Price (USD/barrel)
2024-07-29,79.11,Brent Crude Price (USD/barrel)
2024-08-05,77.44,Brent Crude Price (USD/barrel)
2024-08-12,80.52,Brent Crude Price (USD/barrel)
2024-08-19,77.7,Brent Crude Price (USD/barrel)
2024-08-26,79.76,Brent Crude Price (USD/barrel)
2024-09-02,74.12,Brent Crude Price (USD/barrel)
2024-09-09,70.96,Brent Crude Price (USD/barrel)
2024-09-16,73.35,Brent Crude Price (USD/barrel)
2024-09-23,73.32,Brent Crude Price (USD/barrel)
2024-09-30,74.61,Brent Crude Price (USD/barrel)
2024-10-07,78.62,Brent Crude Price (USD/barrel)
2024-10-14,75.54,Brent Crude Price (USD/barrel)
2024-10-21,74.67,Brent Crude Price (USD/barrel)
2024-10-28,72.84,Brent Crude Price (USD/barrel)
2024-11-04,74.79,Brent Crude Price (USD/barrel)
2024-11-11,72.44,Brent Crude Price (USD/barrel)
2024-11-18,73.06,Brent Crude Price (USD/barrel)
2024-11-25,73.72,Brent Crude Price (USD/barrel)
2024-12-02,72.55,Brent Crude Price (USD/barrel)
2024-12-09,72.77,Brent Crude Price (USD/barrel)
2024-12-16,73.26,Brent Crude Price (USD/barrel)
2024-12-23,73.16,Brent Crude Price (USD/barrel)
2024-12-30,75.25,Brent Crude Price (USD/barrel)
2025-01-06,78.23,Brent Crude Price (USD/barrel)
2025-01-13,81.08,Brent Crude Price (USD/barrel)
2025-01-20,79.42,Brent Crude Price (USD/barrel)
2025-01-27,77.49,Brent Crude Price (USD/barrel)
2025-02-03,75.81,Brent Crude Price (USD/barrel)
2025-02-10,75.66,Brent Crude Price (USD/barrel)
2025-02-17,75.67,Brent Crude Price (USD/barrel)
2025-02-24,73.82,Brent Crude Price (USD/barrel)
2025-03-03,71.0,Brent Crude Price (USD/barrel)
2025-03-10,69.93,Brent Crude Price (USD/barrel)
2025-03-17,71.22,Brent Crude Price (USD/barrel)
2025-03-24,73.01,Brent Crude Price (USD/barrel)
2025-03-31,69.74,Brent Crude Price (USD/barrel)
2025-04-07,62.9,Brent Crude Price (USD/barrel)
2025-04-14,65.96,Brent Crude Price (USD/barrel)
2025-04-21,66.97,Brent Crude Price (USD/barrel)
2025-04-28,63.42,Brent Crude Price (USD/barrel)
2025-05-05,61.34,Brent Crude Price (USD/barrel)
2025-05-12,65.12,Brent Crude Price (USD/barrel)
2025-05-19,65.4,Brent Crude Price (USD/barrel)
2025-05-26,64.8,Brent Crude Price (USD/barrel)
2025-06-02,64.82,Brent Crude Price (USD/barrel)
2025-06-09,72.31,Brent Crude Price (USD/barrel)
2025-06-16,74.83,Brent Crude Price (USD/barrel)
2025-06-23,74.1,Brent Crude Price (USD/barrel)
2025-06-30,67.77,Brent Crude Price (USD/barrel)
2025-07-07,69.03,Brent Crude Price (USD/barrel)
2025-07-14,69.61,Brent Crude Price (USD/barrel)
2025-07-21,68.94,Brent Crude Price (USD/barrel)
2025-07-28,71.01,Brent Crude Price (USD/barrel)
2025-08-04,67.74,Brent Crude Price (USD/barrel)
2025-08-11,66.06,Brent Crude Price (USD/barrel)
2025-08-18,66.66,Brent Crude Price (USD/barrel)
2025-08-25,67.99,Brent Crude Price (USD/barrel)
2025-09-01,67.3,Brent Crude Price (USD/barrel)
2025-09-08,66.83,Brent Crude Price (USD/barrel)
2025-09-15,67.56,Brent Crude Price (USD/barrel)
2025-09-22,68.35,Brent Crude Price (USD/barrel)
2025-09-29,66.97,Brent Crude Price (USD/barrel)
2025-10-06,64.34,Brent Crude Price (USD/barrel)
2025-10-13,62.05,Brent Crude Price (USD/barrel)
2025-10-20,63.42,Brent Crude Price (USD/barrel)
2025-10-27,65.26,Brent Crude Price (USD/barrel)
2025-11-03,64.07,Brent Crude Price (USD/barrel)
2025-11-10,63.82,Brent Crude Price (USD/barrel)
2025-11-17,63.48,Brent Crude Price (USD/barrel)
2025-11-24,62.57,Brent Crude Price (USD/barrel)
2025-12-01,63.12,Brent Crude Price (USD/barrel)
2025-12-08,62.35,Brent Crude Price (USD/barrel)
2025-12-15,60.11,Brent Crude Price (USD/barrel)
2025-12-22,61.64,Brent Crude Price (USD/barrel)
2025-12-29,61.17,Brent Crude Price (USD/barrel)
2026-01-05,61.68,Brent Crude Price (USD/barrel)
2026-01-12,64.78,Brent Crude Price (USD/barrel)
2026-01-19,64.73,Brent Crude Price (USD/barrel)
2026-01-26,68.44,Brent Crude Price (USD/barrel)
2026-02-02,67.47,Brent Crude Price (USD/barrel)
2026-02-09,68.81,Brent Crude Price (USD/barrel)
2026-02-16,69.58,Brent Crude Price (USD/barrel)
2026-02-23,71.15,Brent Crude Price (USD/barrel)
2026-03-02,85.17,Brent Crude Price (USD/barrel)
2026-03-09,100.28,Brent Crude Price (USD/barrel)
2026-03-16,109.34,Brent Crude Price (USD/barrel)
2026-03-23,105.67,Brent Crude Price (USD/barrel)
2026-03-30,108.86,Brent Crude Price (USD/barrel)
2026-04-06,100.94,Brent Crude Price (USD/barrel)
2026-04-13,94.97,Brent Crude Price (USD/barrel)
2026-04-20,100.11,Brent Crude Price (USD/barrel)
2026-04-27,115.97,Brent Crude Price (USD/barrel)
2026-05-04,105.66,Brent Crude Price (USD/barrel)
2026-05-11,106.28,Brent Crude Price (USD/barrel)
2026-05-18,107.03,Brent Crude Price (USD/barrel)
2026-05-25,96.1,Brent Crude Price (USD/barrel)
2026-06-01,95.69,Brent Crude Price (USD/barrel)
2026-06-08,91.93,Brent Crude Price (USD/barrel)
2026-06-15,80.94,Brent Crude Price (USD/barrel)
2026-06-22,76.89,Brent Crude Price (USD/barrel)
2026-06-29,71.83,Brent Crude Price (USD/barrel)
2026-07-06,75.8,Brent Crude Price (USD/barrel)
2026-07-13,82.8,Brent Crude Price (USD/barrel)
2026-07-20,94.08,Brent Crude Price (USD/barrel)
2026-07-27,88.2,Brent Crude Price (USD/barrel)
2026-08-03,82.23,Brent Crude Price (USD/barrel)
2006-01-08,36.07,External Reserves (USD Billion)
2006-01-15,41.09,External Reserves (USD Billion)
2006-02-05,32.95,External Reserves (USD Billion)
2006-02-12,37.79,External Reserves (USD Billion)
2006-03-05,34.58,External Reserves (USD Billion)
2006-03-12,38.94,External Reserves (USD Billion)
2006-04-09,36.49,External Reserves (USD Billion)
2006-04-16,41.35,External Reserves (USD Billion)
2006-05-07,34.77,External Reserves (USD Billion)
2006-05-14,40.42,External Reserves (USD Billion)
2006-06-04,35.98,External Reserves (USD Billion)
2006-06-11,38.1,External Reserves (USD Billion)
2006-06-18,41.91,External Reserves (USD Billion)
2006-07-09,36.46,External Reserves (USD Billion)
2006-07-16,41.37,External Reserves (USD Billion)
2006-08-06,33.19,External Reserves (USD Billion)
2006-08-13,39.9,External Reserves (USD Billion)
2006-09-10,36.18,External Reserves (USD Billion)
2006-09-17,41.62,External Reserves (USD Billion)
2006-10-08,35.51,External Reserves (USD Billion)
2006-10-15,40.28,External Reserves (USD Billion)
2006-11-05,34.07,External Reserves (USD Billion)
2006-11-12,39.66,External Reserves (USD Billion)
2006-12-10,36.51,External Reserves (USD Billion)
2006-12-17,42.93,External Reserves (USD Billion)
2007-01-07,43.35,External Reserves (USD Billion)
2007-01-14,46.16,External Reserves (USD Billion)
2007-02-04,42.94,External Reserves (USD Billion)
2007-02-11,45.23,External Reserves (USD Billion)
2007-03-04,42.67,External Reserves (USD Billion)
2007-03-11,44.41,External Reserves (USD Billion)
2007-03-18,50.02,External Reserves (USD Billion)
2007-04-01,41.9,External Reserves (USD Billion)
2007-04-08,43.01,External Reserves (USD Billion)
2007-04-15,47.54,External Reserves (USD Billion)
2007-05-06,42.79,External Reserves (USD Billion)
2007-05-13,47.05,External Reserves (USD Billion)
2007-06-03,42.81,External Reserves (USD Billion)
2007-06-10,43.39,External Reserves (USD Billion)
2007-06-17,49.28,External Reserves (USD Billion)
2007-07-08,43.1,External Reserves (USD Billion)
2007-07-15,48.36,External Reserves (USD Billion)
2007-08-05,42.96,External Reserves (USD Billion)
2007-08-12,46.09,External Reserves (USD Billion)
2007-09-02,42.88,External Reserves (USD Billion)
2007-09-09,43.04,External Reserves (USD Billion)
2007-09-16,49.06,External Reserves (USD Billion)
2007-10-07,43.03,External Reserves (USD Billion)
2007-10-14,47.19,External Reserves (USD Billion)
2007-11-04,42.57,External Reserves (USD Billion)
2007-11-11,43.7,External Reserves (USD Billion)
2007-11-18,50.54,External Reserves (USD Billion)
2007-12-02,43.1,External Reserves (USD Billion)
2007-12-09,43.14,External Reserves (USD Billion)
2007-12-16,50.06,External Reserves (USD Billion)
2008-01-06,57.03,External Reserves (USD Billion)
2008-01-13,60.51,External Reserves (USD Billion)
2008-02-03,51.21,External Reserves (USD Billion)
2008-02-10,59.96,External Reserves (USD Billion)
2008-02-17,57.31,External Reserves (USD Billion)
2008-03-02,51.21,External Reserves (USD Billion)
2008-03-09,58.91,External Reserves (USD Billion)
2008-03-16,59.44,External Reserves (USD Billion)
2008-04-06,56.17,External Reserves (USD Billion)
2008-04-13,59.6,External Reserves (USD Billion)
2008-05-04,55.73,External Reserves (USD Billion)
2008-05-11,60.46,External Reserves (USD Billion)
2008-05-18,58.11,External Reserves (USD Billion)
2008-06-08,58.63,External Reserves (USD Billion)
2008-06-15,60.39,External Reserves (USD Billion)
2008-07-06,56.65,External Reserves (USD Billion)
2008-07-13,60.62,External Reserves (USD Billion)
2008-08-03,53.63,External Reserves (USD Billion)
2008-08-10,61.32,External Reserves (USD Billion)
2008-09-07,58.35,External Reserves (USD Billion)
2008-09-14,63.51,External Reserves (USD Billion)
2008-10-05,56.12,External Reserves (USD Billion)
2008-10-12,60.81,External Reserves (USD Billion)
2008-11-02,54.36,External Reserves (USD Billion)
2008-11-09,61.44,External Reserves (USD Billion)
2008-11-16,58.67,External Reserves (USD Billion)
2008-12-07,58.96,External Reserves (USD Billion)
2008-12-14,61.32,External Reserves (USD Billion)
2009-01-11,42.31,External Reserves (USD Billion)
2009-01-18,42.94,External Reserves (USD Billion)
2009-02-01,52.78,External Reserves (USD Billion)
2009-02-08,43.3,External Reserves (USD Billion)
2009-02-15,42.0,External Reserves (USD Billion)
2009-03-08,43.31,External Reserves (USD Billion)
2009-03-15,42.99,External Reserves (USD Billion)
2009-04-12,43.21,External Reserves (USD Billion)
2009-05-03,52.47,External Reserves (USD Billion)
2009-05-10,41.86,External Reserves (USD Billion)
2009-05-17,43.57,External Reserves (USD Billion)
2009-06-07,47.65,External Reserves (USD Billion)
2009-06-14,42.83,External Reserves (USD Billion)
2009-07-05,52.98,External Reserves (USD Billion)
2009-07-12,42.98,External Reserves (USD Billion)
2009-08-02,52.92,External Reserves (USD Billion)
2009-08-09,42.84,External Reserves (USD Billion)
2009-08-16,42.72,External Reserves (USD Billion)
2009-09-06,53.5,External Reserves (USD Billion)
2009-09-13,43.02,External Reserves (USD Billion)
2009-10-11,43.04,External Reserves (USD Billion)
2009-10-18,44.06,External Reserves (USD Billion)
2009-11-08,42.98,External Reserves (USD Billion)
2009-11-15,42.96,External Reserves (USD Billion)
2009-12-06,53.25,External Reserves (USD Billion)
2009-12-13,43.46,External Reserves (USD Billion)
2010-01-03,41.85,External Reserves (USD Billion)
2010-01-10,38.21,External Reserves (USD Billion)
2010-01-17,33.34,External Reserves (USD Billion)
2010-02-07,39.81,External Reserves (USD Billion)
2010-02-14,34.84,External Reserves (USD Billion)
2010-03-07,40.66,External Reserves (USD Billion)
2010-03-14,35.41,External Reserves (USD Billion)
2010-04-04,42.0,External Reserves (USD Billion)
2010-04-11,37.02,External Reserves (USD Billion)
2010-05-02,42.2,External Reserves (USD Billion)
2010-05-09,39.12,External Reserves (USD Billion)
2010-05-16,34.34,External Reserves (USD Billion)
2010-06-06,41.38,External Reserves (USD Billion)
2010-06-13,35.99,External Reserves (USD Billion)
2010-07-04,41.62,External Reserves (USD Billion)
2010-07-11,37.54,External Reserves (USD Billion)
2010-07-18,33.67,External Reserves (USD Billion)
2010-08-01,43.49,External Reserves (USD Billion)
2010-08-08,40.37,External Reserves (USD Billion)
2010-08-15,35.04,External Reserves (USD Billion)
2010-09-05,41.63,External Reserves (USD Billion)
2010-09-12,36.59,External Reserves (USD Billion)
2010-10-03,42.01,External Reserves (USD Billion)
2010-10-10,38.72,External Reserves (USD Billion)
2010-10-17,34.17,External Reserves (USD Billion)
2010-11-07,41.34,External Reserves (USD Billion)
2010-11-14,35.93,External Reserves (USD Billion)
2010-12-05,41.91,External Reserves (USD Billion)
2010-12-12,36.67,External Reserves (USD Billion)
2011-01-02,33.16,External Reserves (USD Billion)
2011-01-09,32.54,External Reserves (USD Billion)
2011-01-16,32.91,External Reserves (USD Billion)
2011-02-06,32.69,External Reserves (USD Billion)
2011-02-13,32.64,External Reserves (USD Billion)
2011-03-06,33.98,External Reserves (USD Billion)
2011-03-13,33.96,External Reserves (USD Billion)
2011-04-03,34.41,External Reserves (USD Billion)
2011-04-10,32.75,External Reserves (USD Billion)
2011-04-17,32.85,External Reserves (USD Billion)
2011-05-01,32.26,External Reserves (USD Billion)
2011-05-08,32.92,External Reserves (USD Billion)
2011-05-15,32.19,External Reserves (USD Billion)
2011-06-05,34.04,External Reserves (USD Billion)
2011-06-12,33.42,External Reserves (USD Billion)
2011-07-03,34.73,External Reserves (USD Billion)
2011-07-10,33.64,External Reserves (USD Billion)
2011-07-17,33.08,External Reserves (USD Billion)
2011-08-07,34.51,External Reserves (USD Billion)
2011-08-14,34.44,External Reserves (USD Billion)
2011-09-04,34.84,External Reserves (USD Billion)
2011-09-11,33.89,External Reserves (USD Billion)
2011-09-18,33.2,External Reserves (USD Billion)
2011-10-02,34.09,External Reserves (USD Billion)
2011-10-09,35.08,External Reserves (USD Billion)
2011-10-16,31.98,External Reserves (USD Billion)
2011-11-06,34.49,External Reserves (USD Billion)
2011-11-13,33.64,External Reserves (USD Billion)
2011-12-04,34.24,External Reserves (USD Billion)
2011-12-11,34.41,External Reserves (USD Billion)
2011-12-18,33.17,External Reserves (USD Billion)
2012-01-08,35.9,External Reserves (USD Billion)
2012-01-15,42.72,External Reserves (USD Billion)
2012-02-05,35.47,External Reserves (USD Billion)
2012-02-12,39.32,External Reserves (USD Billion)
2012-03-04,34.51,External Reserves (USD Billion)
2012-03-11,38.1,External Reserves (USD Billion)
2012-03-18,44.52,External Reserves (USD Billion)
2012-04-01,33.1,External Reserves (USD Billion)
2012-04-08,36.71,External Reserves (USD Billion)
2012-04-15,41.79,External Reserves (USD Billion)
2012-05-06,35.35,External Reserves (USD Billion)
2012-05-13,40.97,External Reserves (USD Billion)
2012-06-03,33.95,External Reserves (USD Billion)
2012-06-10,37.62,External Reserves (USD Billion)
2012-06-17,43.65,External Reserves (USD Billion)
2012-07-08,36.08,External Reserves (USD Billion)
2012-07-15,42.41,External Reserves (USD Billion)
2012-08-05,35.46,External Reserves (USD Billion)
2012-08-12,39.64,External Reserves (USD Billion)
2012-09-02,34.19,External Reserves (USD Billion)
2012-09-09,36.12,External Reserves (USD Billion)
2012-09-16,42.29,External Reserves (USD Billion)
2012-10-07,35.55,External Reserves (USD Billion)
2012-10-14,41.19,External Reserves (USD Billion)
2012-11-04,34.72,External Reserves (USD Billion)
2012-11-11,38.87,External Reserves (USD Billion)
2012-11-18,44.57,External Reserves (USD Billion)
2012-12-02,33.48,External Reserves (USD Billion)
2012-12-09,37.06,External Reserves (USD Billion)
2012-12-16,43.16,External Reserves (USD Billion)
2013-01-06,46.74,External Reserves (USD Billion)
2013-01-13,46.68,External Reserves (USD Billion)
2013-02-03,44.34,External Reserves (USD Billion)
2013-02-10,47.42,External Reserves (USD Billion)
2013-02-17,44.51,External Reserves (USD Billion)
2013-03-03,44.38,External Reserves (USD Billion)
2013-03-10,47.62,External Reserves (USD Billion)
2013-03-17,44.57,External Reserves (USD Billion)
2013-04-07,47.13,External Reserves (USD Billion)
2013-04-14,45.46,External Reserves (USD Billion)
2013-05-05,47.47,External Reserves (USD Billion)
2013-05-12,46.56,External Reserves (USD Billion)
2013-06-02,46.15,External Reserves (USD Billion)
2013-06-09,47.73,External Reserves (USD Billion)
2013-06-16,44.81,External Reserves (USD Billion)
2013-07-07,47.15,External Reserves (USD Billion)
2013-07-14,45.74,External Reserves (USD Billion)
2013-08-04,46.89,External Reserves (USD Billion)
2013-08-11,46.55,External Reserves (USD Billion)
2013-09-01,44.67,External Reserves (USD Billion)
2013-09-08,48.21,External Reserves (USD Billion)
2013-09-15,45.42,External Reserves (USD Billion)
2013-10-06,47.61,External Reserves (USD Billion)
2013-10-13,45.83,External Reserves (USD Billion)
2013-11-03,46.43,External Reserves (USD Billion)
2013-11-10,47.17,External Reserves (USD Billion)
2013-11-17,44.7,External Reserves (USD Billion)
2013-12-08,47.69,External Reserves (USD Billion)
2013-12-15,45.25,External Reserves (USD Billion)
2014-01-05,37.85,External Reserves (USD Billion)
2014-01-12,37.94,External Reserves (USD Billion)
2014-02-02,43.51,External Reserves (USD Billion)
2014-02-09,38.0,External Reserves (USD Billion)
2014-02-16,38.19,External Reserves (USD Billion)
2014-03-02,42.78,External Reserves (USD Billion)
2014-03-09,38.34,External Reserves (USD Billion)
2014-03-16,38.15,External Reserves (USD Billion)
2014-04-06,39.24,External Reserves (USD Billion)
2014-04-13,38.32,External Reserves (USD Billion)
2014-05-04,41.03,External Reserves (USD Billion)
2014-05-11,38.37,External Reserves (USD Billion)
2014-05-18,36.3,External Reserves (USD Billion)
2014-06-01,43.31,External Reserves (USD Billion)
2014-06-08,39.2,External Reserves (USD Billion)
2014-06-15,38.07,External Reserves (USD Billion)
2014-07-06,40.16,External Reserves (USD Billion)
2014-07-13,38.47,External Reserves (USD Billion)
2014-08-03,43.3,External Reserves (USD Billion)
2014-08-10,38.73,External Reserves (USD Billion)
2014-08-17,35.95,External Reserves (USD Billion)
2014-09-07,38.81,External Reserves (USD Billion)
2014-09-14,38.35,External Reserves (USD Billion)
2014-10-05,40.61,External Reserves (USD Billion)
2014-10-12,37.99,External Reserves (USD Billion)
2014-11-02,42.13,External Reserves (USD Billion)
2014-11-09,38.54,External Reserves (USD Billion)
2014-11-16,36.72,External Reserves (USD Billion)
2014-12-07,38.84,External Reserves (USD Billion)
2014-12-14,38.12,External Reserves (USD Billion)
2015-01-04,29.78,External Reserves (USD Billion)
2015-01-11,29.94,External Reserves (USD Billion)
2015-01-18,29.88,External Reserves (USD Billion)
2015-02-08,30.69,External Reserves (USD Billion)
2015-02-15,30.42,External Reserves (USD Billion)
2015-03-08,31.04,External Reserves (USD Billion)
2015-03-15,30.44,External Reserves (USD Billion)
2015-04-05,31.48,External Reserves (USD Billion)
2015-04-12,30.43,External Reserves (USD Billion)
2015-05-03,33.06,External Reserves (USD Billion)
2015-05-10,30.18,External Reserves (USD Billion)
2015-05-17,30.31,External Reserves (USD Billion)
2015-06-07,31.66,External Reserves (USD Billion)
2015-06-14,30.7,External Reserves (USD Billion)
2015-07-05,31.26,External Reserves (USD Billion)
2015-07-12,30.4,External Reserves (USD Billion)
2015-08-02,34.49,External Reserves (USD Billion)
2015-08-09,29.83,External Reserves (USD Billion)
2015-08-16,29.9,External Reserves (USD Billion)
2015-09-06,31.48,External Reserves (USD Billion)
2015-09-13,30.17,External Reserves (USD Billion)
2015-10-04,31.19,External Reserves (USD Billion)
2015-10-11,30.38,External Reserves (USD Billion)
2015-10-18,29.54,External Reserves (USD Billion)
2015-11-08,31.13,External Reserves (USD Billion)
2015-11-15,30.26,External Reserves (USD Billion)
2015-12-06,31.38,External Reserves (USD Billion)
2015-12-13,30.72,External Reserves (USD Billion)
2016-01-03,27.96,External Reserves (USD Billion)
2016-01-10,26.43,External Reserves (USD Billion)
2016-01-17,24.38,External Reserves (USD Billion)
2016-02-07,27.42,External Reserves (USD Billion)
2016-02-14,25.06,External Reserves (USD Billion)
2016-03-06,27.3,External Reserves (USD Billion)
2016-03-13,25.0,External Reserves (USD Billion)
2016-04-03,28.28,External Reserves (USD Billion)
2016-04-10,26.31,External Reserves (USD Billion)
2016-04-17,23.98,External Reserves (USD Billion)
2016-05-01,28.96,External Reserves (USD Billion)
2016-05-08,27.16,External Reserves (USD Billion)
2016-05-15,24.87,External Reserves (USD Billion)
2016-06-05,27.86,External Reserves (USD Billion)
2016-06-12,25.24,External Reserves (USD Billion)
2016-07-03,28.41,External Reserves (USD Billion)
2016-07-10,25.9,External Reserves (USD Billion)
2016-07-17,24.5,External Reserves (USD Billion)
2016-08-07,27.53,External Reserves (USD Billion)
2016-08-14,25.03,External Reserves (USD Billion)
2016-09-04,27.89,External Reserves (USD Billion)
2016-09-11,25.67,External Reserves (USD Billion)
2016-09-18,24.99,External Reserves (USD Billion)
2016-10-02,27.87,External Reserves (USD Billion)
2016-10-09,26.75,External Reserves (USD Billion)
2016-10-16,24.17,External Reserves (USD Billion)
2016-11-06,27.77,External Reserves (USD Billion)
2016-11-13,25.15,External Reserves (USD Billion)
2016-12-04,28.03,External Reserves (USD Billion)
2016-12-11,25.81,External Reserves (USD Billion)
2017-01-08,29.77,External Reserves (USD Billion)
2017-01-15,34.47,External Reserves (USD Billion)
2017-02-05,29.66,External Reserves (USD Billion)
2017-02-12,31.69,External Reserves (USD Billion)
2017-03-05,28.6,External Reserves (USD Billion)
2017-03-12,31.98,External Reserves (USD Billion)
2017-04-02,26.16,External Reserves (USD Billion)
2017-04-09,30.65,External Reserves (USD Billion)
2017-04-16,34.14,External Reserves (USD Billion)
2017-05-07,29.63,External Reserves (USD Billion)
2017-05-14,33.4,External Reserves (USD Billion)
2017-06-04,28.77,External Reserves (USD Billion)
2017-06-11,31.86,External Reserves (USD Billion)
2017-06-18,35.73,External Reserves (USD Billion)
2017-07-02,28.58,External Reserves (USD Billion)
2017-07-09,30.64,External Reserves (USD Billion)
2017-07-16,34.95,External Reserves (USD Billion)
2017-08-06,29.97,External Reserves (USD Billion)
2017-08-13,33.26,External Reserves (USD Billion)
2017-09-03,28.43,External Reserves (USD Billion)
2017-09-10,31.37,External Reserves (USD Billion)
2017-09-17,34.12,External Reserves (USD Billion)
2017-10-01,26.66,External Reserves (USD Billion)
2017-10-08,30.3,External Reserves (USD Billion)
2017-10-15,33.62,External Reserves (USD Billion)
2017-11-05,29.36,External Reserves (USD Billion)
2017-11-12,32.6,External Reserves (USD Billion)
2017-12-03,26.88,External Reserves (USD Billion)
2017-12-10,31.14,External Reserves (USD Billion)
2017-12-17,36.58,External Reserves (USD Billion)
2018-01-07,43.66,External Reserves (USD Billion)
2018-01-14,44.51,External Reserves (USD Billion)
2018-02-04,40.82,External Reserves (USD Billion)
2018-02-11,45.66,External Reserves (USD Billion)
2018-03-04,42.75,External Reserves (USD Billion)
2018-03-11,46.4,External Reserves (USD Billion)
2018-03-18,42.33,External Reserves (USD Billion)
2018-04-01,39.07,External Reserves (USD Billion)
2018-04-08,47.37,External Reserves (USD Billion)
2018-04-15,43.96,External Reserves (USD Billion)
2018-05-06,43.44,External Reserves (USD Billion)
2018-05-13,44.29,External Reserves (USD Billion)
2018-06-03,42.1,External Reserves (USD Billion)
2018-06-10,46.84,External Reserves (USD Billion)
2018-06-17,41.79,External Reserves (USD Billion)
2018-07-08,45.3,External Reserves (USD Billion)
2018-07-15,43.26,External Reserves (USD Billion)
2018-08-05,42.97,External Reserves (USD Billion)
2018-08-12,44.89,External Reserves (USD Billion)
2018-09-02,40.28,External Reserves (USD Billion)
2018-09-09,46.56,External Reserves (USD Billion)
2018-09-16,42.63,External Reserves (USD Billion)
2018-10-07,45.46,External Reserves (USD Billion)
2018-10-14,44.54,External Reserves (USD Billion)
2018-11-04,43.16,External Reserves (USD Billion)
2018-11-11,46.34,External Reserves (USD Billion)
2018-11-18,42.8,External Reserves (USD Billion)
2018-12-02,40.47,External Reserves (USD Billion)
2018-12-09,46.29,External Reserves (USD Billion)
2018-12-16,42.59,External Reserves (USD Billion)
2019-01-06,43.37,External Reserves (USD Billion)
2019-01-13,43.45,External Reserves (USD Billion)
2019-02-03,43.08,External Reserves (USD Billion)
2019-02-10,44.08,External Reserves (USD Billion)
2019-02-17,39.7,External Reserves (USD Billion)
2019-03-03,43.06,External Reserves (USD Billion)
2019-03-10,44.12,External Reserves (USD Billion)
2019-03-17,39.68,External Reserves (USD Billion)
2019-04-07,43.65,External Reserves (USD Billion)
2019-04-14,41.21,External Reserves (USD Billion)
2019-05-05,43.39,External Reserves (USD Billion)
2019-05-12,42.58,External Reserves (USD Billion)
2019-06-02,42.99,External Reserves (USD Billion)
2019-06-09,44.07,External Reserves (USD Billion)
2019-06-16,39.9,External Reserves (USD Billion)
2019-07-07,43.72,External Reserves (USD Billion)
2019-07-14,42.14,External Reserves (USD Billion)
2019-08-04,43.34,External Reserves (USD Billion)
2019-08-11,43.26,External Reserves (USD Billion)
2019-09-01,43.05,External Reserves (USD Billion)
2019-09-08,44.83,External Reserves (USD Billion)
2019-09-15,41.29,External Reserves (USD Billion)
2019-10-06,44.45,External Reserves (USD Billion)
2019-10-13,42.21,External Reserves (USD Billion)
2019-11-03,42.93,External Reserves (USD Billion)
2019-11-10,43.84,External Reserves (USD Billion)
2019-11-17,39.38,External Reserves (USD Billion)
2019-12-08,43.9,External Reserves (USD Billion)
2019-12-15,40.75,External Reserves (USD Billion)
2020-01-05,35.08,External Reserves (USD Billion)
2020-01-12,35.94,External Reserves (USD Billion)
2020-02-02,38.54,External Reserves (USD Billion)
2020-02-09,35.77,External Reserves (USD Billion)
2020-02-16,35.57,External Reserves (USD Billion)
2020-03-01,38.49,External Reserves (USD Billion)
2020-03-08,36.25,External Reserves (USD Billion)
2020-03-15,35.53,External Reserves (USD Billion)
2020-04-05,36.0,External Reserves (USD Billion)
2020-04-12,35.77,External Reserves (USD Billion)
2020-05-03,37.01,External Reserves (USD Billion)
2020-05-10,35.5,External Reserves (USD Billion)
2020-05-17,35.65,External Reserves (USD Billion)
2020-06-07,36.26,External Reserves (USD Billion)
2020-06-14,35.69,External Reserves (USD Billion)
2020-07-05,36.2,External Reserves (USD Billion)
2020-07-12,35.83,External Reserves (USD Billion)
2020-08-02,38.32,External Reserves (USD Billion)
2020-08-09,35.27,External Reserves (USD Billion)
2020-08-16,35.39,External Reserves (USD Billion)
2020-09-06,36.34,External Reserves (USD Billion)
2020-09-13,35.66,External Reserves (USD Billion)
2020-10-04,37.3,External Reserves (USD Billion)
2020-10-11,35.93,External Reserves (USD Billion)
2020-10-18,34.97,External Reserves (USD Billion)
2020-11-08,36.05,External Reserves (USD Billion)
2020-11-15,35.44,External Reserves (USD Billion)
2020-12-06,36.08,External Reserves (USD Billion)
2020-12-13,35.65,External Reserves (USD Billion)
2021-01-03,35.6,External Reserves (USD Billion)
2021-01-10,34.11,External Reserves (USD Billion)
2021-01-17,41.47,External Reserves (USD Billion)
2021-02-07,34.78,External Reserves (USD Billion)
2021-02-14,37.64,External Reserves (USD Billion)
2021-03-07,35.52,External Reserves (USD Billion)
2021-03-14,37.65,External Reserves (USD Billion)
2021-04-04,35.53,External Reserves (USD Billion)
2021-04-11,36.36,External Reserves (USD Billion)
2021-05-02,35.88,External Reserves (USD Billion)
2021-05-09,34.08,External Reserves (USD Billion)
2021-05-16,41.7,External Reserves (USD Billion)
2021-06-06,34.86,External Reserves (USD Billion)
2021-06-13,36.76,External Reserves (USD Billion)
2021-07-04,35.41,External Reserves (USD Billion)
2021-07-11,34.94,External Reserves (USD Billion)
2021-07-18,40.95,External Reserves (USD Billion)
2021-08-01,35.9,External Reserves (USD Billion)
2021-08-08,34.57,External Reserves (USD Billion)
2021-08-15,38.9,External Reserves (USD Billion)
2021-09-05,35.21,External Reserves (USD Billion)
2021-09-12,36.33,External Reserves (USD Billion)
2021-10-03,35.26,External Reserves (USD Billion)
2021-10-10,34.27,External Reserves (USD Billion)
2021-10-17,41.22,External Reserves (USD Billion)
2021-11-07,35.02,External Reserves (USD Billion)
2021-11-14,38.04,External Reserves (USD Billion)
2021-12-05,35.43,External Reserves (USD Billion)
2021-12-12,36.85,External Reserves (USD Billion)
2022-01-09,39.34,External Reserves (USD Billion)
2022-01-16,37.24,External Reserves (USD Billion)
2022-02-06,39.59,External Reserves (USD Billion)
2022-02-13,38.38,External Reserves (USD Billion)
2022-03-06,39.44,External Reserves (USD Billion)
2022-03-13,38.22,External Reserves (USD Billion)
2022-04-03,40.12,External Reserves (USD Billion)
2022-04-10,39.09,External Reserves (USD Billion)
2022-04-17,37.36,External Reserves (USD Billion)
2022-05-01,40.52,External Reserves (USD Billion)
2022-05-08,39.32,External Reserves (USD Billion)
2022-05-15,38.01,External Reserves (USD Billion)
2022-06-05,39.81,External Reserves (USD Billion)
2022-06-12,38.35,External Reserves (USD Billion)
2022-07-03,40.08,External Reserves (USD Billion)
2022-07-10,38.89,External Reserves (USD Billion)
2022-07-17,37.13,External Reserves (USD Billion)
2022-08-07,39.44,External Reserves (USD Billion)
2022-08-14,38.03,External Reserves (USD Billion)
2022-09-04,39.83,External Reserves (USD Billion)
2022-09-11,38.55,External Reserves (USD Billion)
2022-09-18,36.96,External Reserves (USD Billion)
2022-10-02,40.19,External Reserves (USD Billion)
2022-10-09,39.08,External Reserves (USD Billion)
2022-10-16,37.22,External Reserves (USD Billion)
2022-11-06,39.78,External Reserves (USD Billion)
2022-11-13,38.02,External Reserves (USD Billion)
2022-12-04,40.11,External Reserves (USD Billion)
2022-12-11,38.67,External Reserves (USD Billion)
2023-01-08,35.87,External Reserves (USD Billion)
2023-01-15,33.27,External Reserves (USD Billion)
2023-02-05,36.32,External Reserves (USD Billion)
2023-02-12,34.49,External Reserves (USD Billion)
2023-03-05,36.27,External Reserves (USD Billion)
2023-03-12,33.65,External Reserves (USD Billion)
2023-04-02,37.11,External Reserves (USD Billion)
2023-04-09,34.43,External Reserves (USD Billion)
2023-04-16,33.05,External Reserves (USD Billion)
2023-05-07,35.37,External Reserves (USD Billion)
2023-05-14,33.33,External Reserves (USD Billion)
2023-06-04,36.49,External Reserves (USD Billion)
2023-06-11,33.8,External Reserves (USD Billion)
2023-06-18,32.88,External Reserves (USD Billion)
2023-07-02,36.86,External Reserves (USD Billion)
2023-07-09,34.84,External Reserves (USD Billion)
2023-07-16,33.14,External Reserves (USD Billion)
2023-08-06,35.84,External Reserves (USD Billion)
2023-08-13,33.38,External Reserves (USD Billion)
2023-09-03,36.81,External Reserves (USD Billion)
2023-09-10,34.65,External Reserves (USD Billion)
2023-09-17,33.39,External Reserves (USD Billion)
2023-10-01,37.2,External Reserves (USD Billion)
2023-10-08,35.28,External Reserves (USD Billion)
2023-10-15,33.3,External Reserves (USD Billion)
2023-11-05,36.32,External Reserves (USD Billion)
2023-11-12,33.46,External Reserves (USD Billion)
2023-12-03,37.21,External Reserves (USD Billion)
2023-12-10,34.24,External Reserves (USD Billion)
2023-12-17,32.87,External Reserves (USD Billion)
2024-01-07,34.05,External Reserves (USD Billion)
2024-01-14,38.33,External Reserves (USD Billion)
2024-02-04,33.29,External Reserves (USD Billion)
2024-02-11,35.67,External Reserves (USD Billion)
2024-02-18,40.29,External Reserves (USD Billion)
2024-03-03,33.04,External Reserves (USD Billion)
2024-03-10,34.66,External Reserves (USD Billion)
2024-03-17,40.3,External Reserves (USD Billion)
2024-04-07,33.56,External Reserves (USD Billion)
2024-04-14,38.29,External Reserves (USD Billion)
2024-05-05,33.38,External Reserves (USD Billion)
2024-05-12,36.85,External Reserves (USD Billion)
2024-06-09,34.49,External Reserves (USD Billion)
2024-06-16,40.18,External Reserves (USD Billion)
2024-07-07,33.12,External Reserves (USD Billion)
2024-07-14,38.54,External Reserves (USD Billion)
2024-08-04,33.35,External Reserves (USD Billion)
2024-08-11,36.62,External Reserves (USD Billion)
2024-09-01,33.04,External Reserves (USD Billion)
2024-09-08,34.79,External Reserves (USD Billion)
2024-09-15,38.56,External Reserves (USD Billion)
2024-10-06,32.86,External Reserves (USD Billion)
2024-10-13,37.75,External Reserves (USD Billion)
2024-11-03,33.71,External Reserves (USD Billion)
2024-11-10,35.99,External Reserves (USD Billion)
2024-11-17,40.32,External Reserves (USD Billion)
2024-12-01,33.11,External Reserves (USD Billion)
2024-12-08,34.75,External Reserves (USD Billion)
2024-12-15,39.2,External Reserves (USD Billion)
2025-01-12,40.75,External Reserves (USD Billion)
2025-02-02,40.88,External Reserves (USD Billion)
2025-02-09,38.64,External Reserves (USD Billion)
2025-02-16,43.66,External Reserves (USD Billion)
2025-03-02,40.24,External Reserves (USD Billion)
2025-03-09,38.71,External Reserves (USD Billion)
2025-03-16,43.56,External Reserves (USD Billion)
2025-04-06,38.59,External Reserves (USD Billion)
2025-04-13,41.37,External Reserves (USD Billion)
2025-05-04,38.92,External Reserves (USD Billion)
2025-05-11,39.89,External Reserves (USD Billion)
2025-05-18,45.11,External Reserves (USD Billion)
2025-06-01,40.92,External Reserves (USD Billion)
2025-06-08,38.97,External Reserves (USD Billion)
2025-06-15,42.93,External Reserves (USD Billion)
2025-07-06,38.97,External Reserves (USD Billion)
2025-07-13,40.84,External Reserves (USD Billion)
2025-08-03,40.85,External Reserves (USD Billion)
2025-08-10,39.65,External Reserves (USD Billion)
2025-08-17,45.32,External Reserves (USD Billion)
2025-09-07,38.58,External Reserves (USD Billion)
2025-09-14,43.19,External Reserves (USD Billion)
2025-10-05,39.11,External Reserves (USD Billion)
2025-10-12,41.4,External Reserves (USD Billion)
2025-11-02,39.22,External Reserves (USD Billion)
2025-11-09,39.01,External Reserves (USD Billion)
2025-11-16,44.42,External Reserves (USD Billion)
2025-12-07,38.58,External Reserves (USD Billion)
2025-12-14,42.81,External Reserves (USD Billion)
2026-01-04,49.18,External Reserves (USD Billion)
2026-01-11,49.8,External Reserves (USD Billion)
2026-02-01,45.57,External Reserves (USD Billion)
2026-02-08,48.86,External Reserves (USD Billion)
2026-03-08,50.0,External Reserves (USD Billion)
2026-04-05,48.35,External Reserves (USD Billion)
2026-04-12,50.99,External Reserves (USD Billion)
2026-05-03,47.48,External Reserves (USD Billion)
2026-05-10,50.15,External Reserves (USD Billion)
2026-06-07,48.5,External Reserves (USD Billion)
2026-06-14,52.03,External Reserves (USD Billion)
2026-07-05,47.64,External Reserves (USD Billion)
2026-07-12,51.64,External Reserves (USD Billion)
2026-08-02,45.67,External Reserves (USD Billion)
2026-08-09,49.81,External Reserves (USD Billion)
2003-01-01,10.6,Inflation Rate YoY (%)
2003-02-01,7.3,Inflation Rate YoY (%)
2003-03-01,5.9,Inflation Rate YoY (%)
2003-04-01,8.3,Inflation Rate YoY (%)
2003-05-01,8.7,Inflation Rate YoY (%)
2003-06-01,14.0,Inflation Rate YoY (%)
2003-07-01,12.9,Inflation Rate YoY (%)
2003-08-01,12.4,Inflation Rate YoY (%)
2003-09-01,18.4,Inflation Rate YoY (%)
2003-10-01,23.6,Inflation Rate YoY (%)
2003-11-01,21.3,Inflation Rate YoY (%)
2003-12-01,23.8,Inflation Rate YoY (%)
2004-01-01,22.4,Inflation Rate YoY (%)
2004-02-01,24.8,Inflation Rate YoY (%)
2004-03-01,22.5,Inflation Rate YoY (%)
2004-04-01,17.5,Inflation Rate YoY (%)
2004-05-01,19.8,Inflation Rate YoY (%)
2004-06-01,14.1,Inflation Rate YoY (%)
2004-07-01,10.7,Inflation Rate YoY (%)
2004-08-01,13.0,Inflation Rate YoY (%)
2004-09-01,9.1,Inflation Rate YoY (%)
2004-10-01,10.7,Inflation Rate YoY (%)
2004-11-01,10.0,Inflation Rate YoY (%)
2004-12-01,10.0,Inflation Rate YoY (%)
2005-01-01,9.8,Inflation Rate YoY (%)
2005-02-01,10.9,Inflation Rate YoY (%)
2005-03-01,16.3,Inflation Rate YoY (%)
2005-04-01,17.9,Inflation Rate YoY (%)
2005-05-01,16.8,Inflation Rate YoY (%)
2005-06-01,18.6,Inflation Rate YoY (%)
2005-07-01,26.1,Inflation Rate YoY (%)
2005-08-01,28.2,Inflation Rate YoY (%)
2005-09-01,24.3,Inflation Rate YoY (%)
2005-10-01,18.6,Inflation Rate YoY (%)
2005-11-01,15.1,Inflation Rate YoY (%)
2005-12-01,11.6,Inflation Rate YoY (%)
2006-01-01,10.7,Inflation Rate YoY (%)
2006-02-01,10.8,Inflation Rate YoY (%)
2006-03-01,12.0,Inflation Rate YoY (%)
2006-04-01,12.6,Inflation Rate YoY (%)
2006-05-01,10.5,Inflation Rate YoY (%)
2006-06-01,8.5,Inflation Rate YoY (%)
2006-07-01,3.0,Inflation Rate YoY (%)
2006-08-01,3.7,Inflation Rate YoY (%)
2006-09-01,6.3,Inflation Rate YoY (%)
2006-10-01,6.1,Inflation Rate YoY (%)
2006-11-01,7.8,Inflation Rate YoY (%)
2006-12-01,8.5,Inflation Rate YoY (%)
2007-01-01,8.0,Inflation Rate YoY (%)
2007-02-01,7.1,Inflation Rate YoY (%)
2007-03-01,5.2,Inflation Rate YoY (%)
2007-04-01,4.2,Inflation Rate YoY (%)
2007-05-01,4.6,Inflation Rate YoY (%)
2007-06-01,6.4,Inflation Rate YoY (%)
2007-07-01,4.8,Inflation Rate YoY (%)
2007-08-01,4.2,Inflation Rate YoY (%)
2007-09-01,4.1,Inflation Rate YoY (%)
2007-10-01,4.6,Inflation Rate YoY (%)
2007-11-01,5.2,Inflation Rate YoY (%)
2007-12-01,6.6,Inflation Rate YoY (%)
2008-01-01,8.6,Inflation Rate YoY (%)
2008-02-01,8.0,Inflation Rate YoY (%)
2008-03-01,7.8,Inflation Rate YoY (%)
2008-04-01,8.2,Inflation Rate YoY (%)
2008-05-01,9.7,Inflation Rate YoY (%)
2008-06-01,12.0,Inflation Rate YoY (%)
2008-07-01,14.0,Inflation Rate YoY (%)
2008-08-01,12.4,Inflation Rate YoY (%)
2008-09-01,13.0,Inflation Rate YoY (%)
2008-10-01,14.7,Inflation Rate YoY (%)
2008-11-01,14.8,Inflation Rate YoY (%)
2008-12-01,15.1,Inflation Rate YoY (%)
2009-01-01,14.0,Inflation Rate YoY (%)
2009-02-01,14.6,Inflation Rate YoY (%)
2009-03-01,14.4,Inflation Rate YoY (%)
2009-04-01,13.3,Inflation Rate YoY (%)
2009-05-01,13.2,Inflation Rate YoY (%)
2009-06-01,11.2,Inflation Rate YoY (%)
2009-07-01,11.1,Inflation Rate YoY (%)
2009-08-01,11.0,Inflation Rate YoY (%)
2009-09-01,10.4,Inflation Rate YoY (%)
2009-10-01,11.6,Inflation Rate YoY (%)
2009-11-01,12.4,Inflation Rate YoY (%)
2009-12-01,13.9,Inflation Rate YoY (%)
2010-01-01,14.4,Inflation Rate YoY (%)
2010-02-01,15.6,Inflation Rate YoY (%)
2010-03-01,14.8,Inflation Rate YoY (%)
2010-04-01,15.0,Inflation Rate YoY (%)
2010-05-01,12.9,Inflation Rate YoY (%)
2010-06-01,14.1,Inflation Rate YoY (%)
2010-07-01,13.0,Inflation Rate YoY (%)
2010-08-01,13.7,Inflation Rate YoY (%)
2010-09-01,13.6,Inflation Rate YoY (%)
2010-10-01,13.4,Inflation Rate YoY (%)
2010-11-01,12.8,Inflation Rate YoY (%)
2010-12-01,11.8,Inflation Rate YoY (%)
2011-01-01,12.1,Inflation Rate YoY (%)
2011-02-01,11.1,Inflation Rate YoY (%)
2011-03-01,12.8,Inflation Rate YoY (%)
2011-04-01,11.3,Inflation Rate YoY (%)
2011-05-01,12.4,Inflation Rate YoY (%)
2011-06-01,10.2,Inflation Rate YoY (%)
2011-07-01,9.4,Inflation Rate YoY (%)
2011-08-01,9.3,Inflation Rate YoY (%)
2011-09-01,10.3,Inflation Rate YoY (%)
2011-10-01,10.5,Inflation Rate YoY (%)
2011-11-01,10.5,Inflation Rate YoY (%)
2011-12-01,10.3,Inflation Rate YoY (%)
2012-01-01,12.6,Inflation Rate YoY (%)
2012-02-01,11.9,Inflation Rate YoY (%)
2012-03-01,12.1,Inflation Rate YoY (%)
2012-04-01,12.9,Inflation Rate YoY (%)
2012-05-01,12.7,Inflation Rate YoY (%)
2012-06-01,12.9,Inflation Rate YoY (%)
2012-07-01,12.8,Inflation Rate YoY (%)
2012-08-01,11.7,Inflation Rate YoY (%)
2012-09-01,11.3,Inflation Rate YoY (%)
2012-10-01,11.7,Inflation Rate YoY (%)
2012-11-01,12.3,Inflation Rate YoY (%)
2012-12-01,12.0,Inflation Rate YoY (%)
2013-01-01,9.0,Inflation Rate YoY (%)
2013-02-01,9.5,Inflation Rate YoY (%)
2013-03-01,8.6,Inflation Rate YoY (%)
2013-04-01,9.1,Inflation Rate YoY (%)
2013-05-01,9.0,Inflation Rate YoY (%)
2013-06-01,8.4,Inflation Rate YoY (%)
2013-07-01,8.7,Inflation Rate YoY (%)
2013-08-01,8.2,Inflation Rate YoY (%)
2013-09-01,8.0,Inflation Rate YoY (%)
2013-10-01,7.8,Inflation Rate YoY (%)
2013-11-01,7.9,Inflation Rate YoY (%)
2013-12-01,8.0,Inflation Rate YoY (%)
2014-01-01,8.0,Inflation Rate YoY (%)
2014-02-01,7.7,Inflation Rate YoY (%)
2014-03-01,7.8,Inflation Rate YoY (%)
2014-04-01,7.9,Inflation Rate YoY (%)
2014-05-01,8.0,Inflation Rate YoY (%)
2014-06-01,8.2,Inflation Rate YoY (%)
2014-07-01,8.3,Inflation Rate YoY (%)
2014-08-01,8.5,Inflation Rate YoY (%)
2014-09-01,8.3,Inflation Rate YoY (%)
2014-10-01,8.1,Inflation Rate YoY (%)
2014-11-01,7.9,Inflation Rate YoY (%)
2014-12-01,8.0,Inflation Rate YoY (%)
2015-01-01,8.2,Inflation Rate YoY (%)
2015-02-01,8.4,Inflation Rate YoY (%)
2015-03-01,8.5,Inflation Rate YoY (%)
2015-04-01,8.7,Inflation Rate YoY (%)
2015-05-01,9.0,Inflation Rate YoY (%)
2015-06-01,9.2,Inflation Rate YoY (%)
2015-07-01,9.2,Inflation Rate YoY (%)
2015-08-01,9.3,Inflation Rate YoY (%)
2015-09-01,9.4,Inflation Rate YoY (%)
2015-10-01,9.3,Inflation Rate YoY (%)
2015-11-01,9.37,Inflation Rate YoY (%)
2015-12-01,9.55,Inflation Rate YoY (%)
2016-01-01,9.62,Inflation Rate YoY (%)
2016-02-01,11.38,Inflation Rate YoY (%)
2016-03-01,12.77,Inflation Rate YoY (%)
2016-04-01,13.72,Inflation Rate YoY (%)
2016-05-01,15.58,Inflation Rate YoY (%)
2016-06-01,16.48,Inflation Rate YoY (%)
2016-07-01,17.13,Inflation Rate YoY (%)
2016-08-01,17.61,Inflation Rate YoY (%)
2016-09-01,17.85,Inflation Rate YoY (%)
2016-10-01,18.33,Inflation Rate YoY (%)
2016-11-01,18.48,Inflation Rate YoY (%)
2016-12-01,18.55,Inflation Rate YoY (%)
2017-01-01,18.72,Inflation Rate YoY (%)
2017-02-01,17.78,Inflation Rate YoY (%)
2017-03-01,17.26,Inflation Rate YoY (%)
2017-04-01,17.24,Inflation Rate YoY (%)
2017-05-01,16.25,Inflation Rate YoY (%)
2017-06-01,16.1,Inflation Rate YoY (%)
2017-07-01,16.05,Inflation Rate YoY (%)
2017-08-01,16.01,Inflation Rate YoY (%)
2017-09-01,15.98,Inflation Rate YoY (%)
2017-10-01,15.91,Inflation Rate YoY (%)
2017-11-01,15.9,Inflation Rate YoY (%)
2017-12-01,15.37,Inflation Rate YoY (%)
2018-01-01,15.13,Inflation Rate YoY (%)
2018-02-01,14.33,Inflation Rate YoY (%)
2018-03-01,13.34,Inflation Rate YoY (%)
2018-04-01,12.48,Inflation Rate YoY (%)
2018-05-01,11.61,Inflation Rate YoY (%)
2018-06-01,11.23,Inflation Rate YoY (%)
2018-07-01,11.14,Inflation Rate YoY (%)
2018-08-01,11.23,Inflation Rate YoY (%)
2018-09-01,11.28,Inflation Rate YoY (%)
2018-10-01,11.26,Inflation Rate YoY (%)
2018-11-01,11.28,Inflation Rate YoY (%)
2018-12-01,11.44,Inflation Rate YoY (%)
2019-01-01,11.37,Inflation Rate YoY (%)
2019-02-01,11.31,Inflation Rate YoY (%)
2019-03-01,11.25,Inflation Rate YoY (%)
2019-04-01,11.37,Inflation Rate YoY (%)
2019-05-01,11.4,Inflation Rate YoY (%)
2019-06-01,11.22,Inflation Rate YoY (%)
2019-07-01,11.08,Inflation Rate YoY (%)
2019-08-01,11.02,Inflation Rate YoY (%)
2019-09-01,11.24,Inflation Rate YoY (%)
2019-10-01,11.61,Inflation Rate YoY (%)
2019-11-01,11.85,Inflation Rate YoY (%)
2019-12-01,11.98,Inflation Rate YoY (%)
2020-01-01,12.13,Inflation Rate YoY (%)
2020-02-01,12.2,Inflation Rate YoY (%)
2020-03-01,12.26,Inflation Rate YoY (%)
2020-04-01,12.34,Inflation Rate YoY (%)
2020-05-01,12.4,Inflation Rate YoY (%)
2020-06-01,12.56,Inflation Rate YoY (%)
2020-07-01,12.82,Inflation Rate YoY (%)
2020-08-01,13.22,Inflation Rate YoY (%)
2020-09-01,13.71,Inflation Rate YoY (%)
2020-10-01,14.23,Inflation Rate YoY (%)
2020-11-01,14.89,Inflation Rate YoY (%)
2020-12-01,15.75,Inflation Rate YoY (%)
2021-01-01,16.47,Inflation Rate YoY (%)
2021-02-01,17.33,Inflation Rate YoY (%)
2021-03-01,18.17,Inflation Rate YoY (%)
2021-04-01,18.12,Inflation Rate YoY (%)
2021-05-01,17.93,Inflation Rate YoY (%)
2021-06-01,17.75,Inflation Rate YoY (%)
2021-07-01,17.38,Inflation Rate YoY (%)
2021-08-01,17.01,Inflation Rate YoY (%)
2021-09-01,16.63,Inflation Rate YoY (%)
2021-10-01,15.99,Inflation Rate YoY (%)
2021-11-01,15.4,Inflation Rate YoY (%)
2021-12-01,15.63,Inflation Rate YoY (%)
2022-01-01,15.6,Inflation Rate YoY (%)
2022-02-01,15.7,Inflation Rate YoY (%)
2022-03-01,15.92,Inflation Rate YoY (%)
2022-04-01,16.82,Inflation Rate YoY (%)
2022-05-01,17.71,Inflation Rate YoY (%)
2022-06-01,18.6,Inflation Rate YoY (%)
2022-07-01,19.64,Inflation Rate YoY (%)
2022-08-01,20.52,Inflation Rate YoY (%)
2022-09-01,20.77,Inflation Rate YoY (%)
2022-10-01,21.09,Inflation Rate YoY (%)
2022-11-01,21.47,Inflation Rate YoY (%)
2022-12-01,21.34,Inflation Rate YoY (%)
2023-01-01,21.82,Inflation Rate YoY (%)
2023-02-01,21.91,Inflation Rate YoY (%)
2023-03-01,22.04,Inflation Rate YoY (%)
2023-04-01,22.22,Inflation Rate YoY (%)
2023-05-01,22.41,Inflation Rate YoY (%)
2023-06-01,22.79,Inflation Rate YoY (%)
2023-07-01,24.08,Inflation Rate YoY (%)
2023-08-01,25.8,Inflation Rate YoY (%)
2023-09-01,26.72,Inflation Rate YoY (%)
2023-10-01,27.33,Inflation Rate YoY (%)
2023-11-01,28.2,Inflation Rate YoY (%)
2023-12-01,28.92,Inflation Rate YoY (%)
2024-01-01,29.9,Inflation Rate YoY (%)
2024-02-01,31.7,Inflation Rate YoY (%)
2024-03-01,33.2,Inflation Rate YoY (%)
2024-04-01,33.69,Inflation Rate YoY (%)
2024-05-01,33.95,Inflation Rate YoY (%)
2024-06-01,34.19,Inflation Rate YoY (%)
2024-07-01,33.4,Inflation Rate YoY (%)
2024-08-01,32.15,Inflation Rate YoY (%)
2024-09-01,32.7,Inflation Rate YoY (%)
2024-10-01,33.88,Inflation Rate YoY (%)
2024-11-01,34.6,Inflation Rate YoY (%)
2024-12-01,34.8,Inflation Rate YoY (%)
2025-01-01,27.61,Inflation Rate YoY (%)
2025-02-01,26.27,Inflation Rate YoY (%)
2025-03-01,27.35,Inflation Rate YoY (%)
2025-04-01,26.82,Inflation Rate YoY (%)
2025-05-01,26.06,Inflation Rate YoY (%)
2025-06-01,26.06,Inflation Rate YoY (%)
2025-07-01,24.94,Inflation Rate YoY (%)
2025-08-01,23.14,Inflation Rate YoY (%)
2025-09-01,20.98,Inflation Rate YoY (%)
2025-10-01,18.97,Inflation Rate YoY (%)
2025-11-01,17.33,Inflation Rate YoY (%)
2025-12-01,15.15,Inflation Rate YoY (%)
2026-01-01,15.1,Inflation Rate YoY (%)
2026-02-01,15.06,Inflation Rate YoY (%)
2026-03-01,15.38,Inflation Rate YoY (%)
2026-04-01,15.69,Inflation Rate YoY (%)
2026-05-01,15.93,Inflation Rate YoY (%)
2026-06-01,15.91,Inflation Rate YoY (%)
2006-12-01,10.0,Monetary Policy Rate (%)
2007-01-01,10.0,Monetary Policy Rate (%)
2007-02-01,10.0,Monetary Policy Rate (%)
2007-03-01,10.0,Monetary Policy Rate (%)
2007-04-01,10.0,Monetary Policy Rate (%)
2007-05-01,10.0,Monetary Policy Rate (%)
2007-06-01,8.0,Monetary Policy Rate (%)
2007-07-01,8.0,Monetary Policy Rate (%)
2007-08-01,8.0,Monetary Policy Rate (%)
2007-09-01,8.0,Monetary Policy Rate (%)
2007-10-01,9.0,Monetary Policy Rate (%)
2007-11-01,9.0,Monetary Policy Rate (%)
2007-12-01,9.5,Monetary Policy Rate (%)
2008-01-01,9.5,Monetary Policy Rate (%)
2008-02-01,9.5,Monetary Policy Rate (%)
2008-03-01,9.5,Monetary Policy Rate (%)
2008-04-01,10.0,Monetary Policy Rate (%)
2008-05-01,10.0,Monetary Policy Rate (%)
2008-06-01,10.25,Monetary Policy Rate (%)
2008-07-01,10.25,Monetary Policy Rate (%)
2008-08-01,10.25,Monetary Policy Rate (%)
2008-09-01,9.75,Monetary Policy Rate (%)
2008-10-01,9.75,Monetary Policy Rate (%)
2008-11-01,9.75,Monetary Policy Rate (%)
2008-12-01,9.75,Monetary Policy Rate (%)
2009-01-01,9.75,Monetary Policy Rate (%)
2009-02-01,9.75,Monetary Policy Rate (%)
2009-03-01,9.75,Monetary Policy Rate (%)
2009-04-01,8.0,Monetary Policy Rate (%)
2009-05-01,8.0,Monetary Policy Rate (%)
2009-06-01,8.0,Monetary Policy Rate (%)
2009-07-01,6.0,Monetary Policy Rate (%)
2009-08-01,6.0,Monetary Policy Rate (%)
2009-09-01,6.0,Monetary Policy Rate (%)
2009-10-01,6.0,Monetary Policy Rate (%)
2009-11-01,6.0,Monetary Policy Rate (%)
2009-12-01,6.0,Monetary Policy Rate (%)
2010-01-01,6.0,Monetary Policy Rate (%)
2010-02-01,6.0,Monetary Policy Rate (%)
2010-03-01,6.0,Monetary Policy Rate (%)
2010-04-01,6.0,Monetary Policy Rate (%)
2010-05-01,6.0,Monetary Policy Rate (%)
2010-06-01,6.0,Monetary Policy Rate (%)
2010-07-01,6.0,Monetary Policy Rate (%)
2010-08-01,6.0,Monetary Policy Rate (%)
2010-09-01,6.25,Monetary Policy Rate (%)
2010-10-01,6.25,Monetary Policy Rate (%)
2010-11-01,6.25,Monetary Policy Rate (%)
2010-12-01,6.25,Monetary Policy Rate (%)
2011-01-01,6.5,Monetary Policy Rate (%)
2011-02-01,6.5,Monetary Policy Rate (%)
2011-03-01,7.5,Monetary Policy Rate (%)
2011-04-01,7.5,Monetary Policy Rate (%)
2011-05-01,8.0,Monetary Policy Rate (%)
2011-06-01,8.0,Monetary Policy Rate (%)
2011-07-01,8.75,Monetary Policy Rate (%)
2011-08-01,8.75,Monetary Policy Rate (%)
2011-09-01,9.25,Monetary Policy Rate (%)
2011-10-01,12.0,Monetary Policy Rate (%)
2011-11-01,12.0,Monetary Policy Rate (%)
2011-12-01,12.0,Monetary Policy Rate (%)
2012-01-01,12.0,Monetary Policy Rate (%)
2012-02-01,12.0,Monetary Policy Rate (%)
2012-03-01,12.0,Monetary Policy Rate (%)
2012-04-01,12.0,Monetary Policy Rate (%)
2012-05-01,12.0,Monetary Policy Rate (%)
2012-06-01,12.0,Monetary Policy Rate (%)
2012-07-01,12.0,Monetary Policy Rate (%)
2012-08-01,12.0,Monetary Policy Rate (%)
2012-09-01,12.0,Monetary Policy Rate (%)
2012-10-01,12.0,Monetary Policy Rate (%)
2012-11-01,12.0,Monetary Policy Rate (%)
2012-12-01,12.0,Monetary Policy Rate (%)
2013-01-01,12.0,Monetary Policy Rate (%)
2013-02-01,12.0,Monetary Policy Rate (%)
2013-03-01,12.0,Monetary Policy Rate (%)
2013-04-01,12.0,Monetary Policy Rate (%)
2013-05-01,12.0,Monetary Policy Rate (%)
2013-06-01,12.0,Monetary Policy Rate (%)
2013-07-01,12.0,Monetary Policy Rate (%)
2013-08-01,12.0,Monetary Policy Rate (%)
2013-09-01,12.0,Monetary Policy Rate (%)
2013-10-01,12.0,Monetary Policy Rate (%)
2013-11-01,12.0,Monetary Policy Rate (%)
2013-12-01,12.0,Monetary Policy Rate (%)
2014-01-01,12.0,Monetary Policy Rate (%)
2014-02-01,12.0,Monetary Policy Rate (%)
2014-03-01,12.0,Monetary Policy Rate (%)
2014-04-01,12.0,Monetary Policy Rate (%)
2014-05-01,12.0,Monetary Policy Rate (%)
2014-06-01,12.0,Monetary Policy Rate (%)
2014-07-01,12.0,Monetary Policy Rate (%)
2014-08-01,12.0,Monetary Policy Rate (%)
2014-09-01,12.0,Monetary Policy Rate (%)
2014-10-01,12.0,Monetary Policy Rate (%)
2014-11-01,13.0,Monetary Policy Rate (%)
2014-12-01,13.0,Monetary Policy Rate (%)
2015-01-01,13.0,Monetary Policy Rate (%)
2015-02-01,13.0,Monetary Policy Rate (%)
2015-03-01,13.0,Monetary Policy Rate (%)
2015-04-01,13.0,Monetary Policy Rate (%)
2015-05-01,13.0,Monetary Policy Rate (%)
2015-06-01,13.0,Monetary Policy Rate (%)
2015-07-01,13.0,Monetary Policy Rate (%)
2015-08-01,13.0,Monetary Policy Rate (%)
2015-09-01,13.0,Monetary Policy Rate (%)
2015-10-01,13.0,Monetary Policy Rate (%)
2015-11-01,11.0,Monetary Policy Rate (%)
2015-12-01,11.0,Monetary Policy Rate (%)
2016-01-01,11.0,Monetary Policy Rate (%)
2016-02-01,11.0,Monetary Policy Rate (%)
2016-03-01,12.0,Monetary Policy Rate (%)
2016-04-01,12.0,Monetary Policy Rate (%)
2016-05-01,12.0,Monetary Policy Rate (%)
2016-06-01,12.0,Monetary Policy Rate (%)
2016-07-01,14.0,Monetary Policy Rate (%)
2016-08-01,14.0,Monetary Policy Rate (%)
2016-09-01,14.0,Monetary Policy Rate (%)
2016-10-01,14.0,Monetary Policy Rate (%)
2016-11-01,14.0,Monetary Policy Rate (%)
2016-12-01,14.0,Monetary Policy Rate (%)
2017-01-01,14.0,Monetary Policy Rate (%)
2017-02-01,14.0,Monetary Policy Rate (%)
2017-03-01,14.0,Monetary Policy Rate (%)
2017-04-01,14.0,Monetary Policy Rate (%)
2017-05-01,14.0,Monetary Policy Rate (%)
2017-06-01,14.0,Monetary Policy Rate (%)
2017-07-01,14.0,Monetary Policy Rate (%)
2017-08-01,14.0,Monetary Policy Rate (%)
2017-09-01,14.0,Monetary Policy Rate (%)
2017-10-01,14.0,Monetary Policy Rate (%)
2017-11-01,14.0,Monetary Policy Rate (%)
2017-12-01,14.0,Monetary Policy Rate (%)
2018-01-01,14.0,Monetary Policy Rate (%)
2018-02-01,14.0,Monetary Policy Rate (%)
2018-03-01,14.0,Monetary Policy Rate (%)
2018-04-01,14.0,Monetary Policy Rate (%)
2018-05-01,14.0,Monetary Policy Rate (%)
2018-06-01,14.0,Monetary Policy Rate (%)
2018-07-01,14.0,Monetary Policy Rate (%)
2018-08-01,14.0,Monetary Policy Rate (%)
2018-09-01,14.0,Monetary Policy Rate (%)
2018-10-01,14.0,Monetary Policy Rate (%)
2018-11-01,14.0,Monetary Policy Rate (%)
2018-12-01,14.0,Monetary Policy Rate (%)
2019-01-01,14.0,Monetary Policy Rate (%)
2019-02-01,14.0,Monetary Policy Rate (%)
2019-03-01,13.5,Monetary Policy Rate (%)
2019-04-01,13.5,Monetary Policy Rate (%)
2019-05-01,13.5,Monetary Policy Rate (%)
2019-06-01,13.5,Monetary Policy Rate (%)
2019-07-01,13.5,Monetary Policy Rate (%)
2019-08-01,13.5,Monetary Policy Rate (%)
2019-09-01,13.5,Monetary Policy Rate (%)
2019-10-01,13.5,Monetary Policy Rate (%)
2019-11-01,13.5,Monetary Policy Rate (%)
2019-12-01,13.5,Monetary Policy Rate (%)
2020-01-01,13.5,Monetary Policy Rate (%)
2020-02-01,13.5,Monetary Policy Rate (%)
2020-03-01,13.5,Monetary Policy Rate (%)
2020-04-01,13.5,Monetary Policy Rate (%)
2020-05-01,12.5,Monetary Policy Rate (%)
2020-06-01,12.5,Monetary Policy Rate (%)
2020-07-01,12.5,Monetary Policy Rate (%)
2020-08-01,12.5,Monetary Policy Rate (%)
2020-09-01,11.5,Monetary Policy Rate (%)
2020-10-01,11.5,Monetary Policy Rate (%)
2020-11-01,11.5,Monetary Policy Rate (%)
2020-12-01,11.5,Monetary Policy Rate (%)
2021-01-01,11.5,Monetary Policy Rate (%)
2021-02-01,11.5,Monetary Policy Rate (%)
2021-03-01,11.5,Monetary Policy Rate (%)
2021-04-01,11.5,Monetary Policy Rate (%)
2021-05-01,11.5,Monetary Policy Rate (%)
2021-06-01,11.5,Monetary Policy Rate (%)
2021-07-01,11.5,Monetary Policy Rate (%)
2021-08-01,11.5,Monetary Policy Rate (%)
2021-09-01,11.5,Monetary Policy Rate (%)
2021-10-01,11.5,Monetary Policy Rate (%)
2021-11-01,11.5,Monetary Policy Rate (%)
2021-12-01,11.5,Monetary Policy Rate (%)
2022-01-01,11.5,Monetary Policy Rate (%)
2022-02-01,11.5,Monetary Policy Rate (%)
2022-03-01,11.5,Monetary Policy Rate (%)
2022-04-01,11.5,Monetary Policy Rate (%)
2022-05-01,13.0,Monetary Policy Rate (%)
2022-06-01,13.0,Monetary Policy Rate (%)
2022-07-01,14.0,Monetary Policy Rate (%)
2022-08-01,14.0,Monetary Policy Rate (%)
2022-09-01,15.5,Monetary Policy Rate (%)
2022-10-01,15.5,Monetary Policy Rate (%)
2022-11-01,16.5,Monetary Policy Rate (%)
2022-12-01,16.5,Monetary Policy Rate (%)
2023-01-01,17.5,Monetary Policy Rate (%)
2023-02-01,17.5,Monetary Policy Rate (%)
2023-03-01,18.0,Monetary Policy Rate (%)
2023-04-01,18.0,Monetary Policy Rate (%)
2023-05-01,18.5,Monetary Policy Rate (%)
2023-06-01,18.5,Monetary Policy Rate (%)
2023-07-01,18.75,Monetary Policy Rate (%)
2023-08-01,18.75,Monetary Policy Rate (%)
2023-09-01,18.75,Monetary Policy Rate (%)
2023-10-01,18.75,Monetary Policy Rate (%)
2023-11-01,18.75,Monetary Policy Rate (%)
2023-12-01,18.75,Monetary Policy Rate (%)
2024-01-01,18.75,Monetary Policy Rate (%)
2024-02-01,22.75,Monetary Policy Rate (%)
2024-03-01,24.75,Monetary Policy Rate (%)
2024-04-01,24.75,Monetary Policy Rate (%)
2024-05-01,26.25,Monetary Policy Rate (%)
2024-06-01,26.25,Monetary Policy Rate (%)
2024-07-01,26.75,Monetary Policy Rate (%)
2024-08-01,26.75,Monetary Policy Rate (%)
2024-09-01,27.25,Monetary Policy Rate (%)
2024-10-01,27.25,Monetary Policy Rate (%)
2024-11-01,27.5,Monetary Policy Rate (%)
2024-12-01,27.5,Monetary Policy Rate (%)
2025-01-01,27.5,Monetary Policy Rate (%)
2025-02-01,27.5,Monetary Policy Rate (%)
2025-03-01,27.5,Monetary Policy Rate (%)
2025-04-01,27.5,Monetary Policy Rate (%)
2025-05-01,27.5,Monetary Policy Rate (%)
2025-06-01,27.5,Monetary Policy Rate (%)
2025-07-01,27.5,Monetary Policy Rate (%)
2025-08-01,27.0,Monetary Policy Rate (%)
2025-09-01,27.0,Monetary Policy Rate (%)
2025-10-01,27.0,Monetary Policy Rate (%)
2025-11-01,27.0,Monetary Policy Rate (%)
2025-12-01,27.0,Monetary Policy Rate (%)
2026-01-01,27.0,Monetary Policy Rate (%)
2026-02-01,26.5,Monetary Policy Rate (%)
2026-03-01,26.5,Monetary Policy Rate (%)
2026-04-01,26.5,Monetary Policy Rate (%)
2026-05-01,26.5,Monetary Policy Rate (%)
2026-06-01,26.5,Monetary Policy Rate (%)
2001-12-16,112.4,NGN/USD Exchange Rate
2001-12-23,112.6,NGN/USD Exchange Rate
2001-12-30,112.8833,NGN/USD Exchange Rate
2002-01-06,113.0125,NGN/USD Exchange Rate
2002-01-13,113.3,NGN/USD Exchange Rate
2002-01-20,113.45,NGN/USD Exchange Rate
2002-01-27,113.5,NGN/USD Exchange Rate
2002-02-03,113.7,NGN/USD Exchange Rate
2002-02-10,113.8,NGN/USD Exchange Rate
2002-02-17,114.2,NGN/USD Exchange Rate
2002-02-24,114.45,NGN/USD Exchange Rate
2002-03-03,114.9,NGN/USD Exchange Rate
2002-03-10,115.52,NGN/USD Exchange Rate
2002-03-17,115.6,NGN/USD Exchange Rate
2002-03-24,115.6,NGN/USD Exchange Rate
2002-03-31,115.6,NGN/USD Exchange Rate
2002-04-07,115.6,NGN/USD Exchange Rate
2002-04-14,115.6,NGN/USD Exchange Rate
2002-04-21,115.6,NGN/USD Exchange Rate
2002-04-28,115.64,NGN/USD Exchange Rate
2002-05-05,115.8,NGN/USD Exchange Rate
2002-05-12,115.8,NGN/USD Exchange Rate
2002-05-19,116.0,NGN/USD Exchange Rate
2002-05-26,116.3,NGN/USD Exchange Rate
2002-06-02,116.3,NGN/USD Exchange Rate
2002-06-09,116.5,NGN/USD Exchange Rate
2002-06-16,117.35,NGN/USD Exchange Rate
2002-06-23,119.05,NGN/USD Exchange Rate
2002-06-30,119.28,NGN/USD Exchange Rate
2002-07-07,119.71,NGN/USD Exchange Rate
2002-07-14,120.35,NGN/USD Exchange Rate
2002-07-21,123.55,NGN/USD Exchange Rate
2002-07-28,126.96,NGN/USD Exchange Rate
2002-08-04,127.012,NGN/USD Exchange Rate
2002-08-11,125.232,NGN/USD Exchange Rate
2002-08-18,124.9,NGN/USD Exchange Rate
2002-08-25,124.5,NGN/USD Exchange Rate
2002-09-01,125.304,NGN/USD Exchange Rate
2002-09-08,125.654,NGN/USD Exchange Rate
2002-09-15,126.265,NGN/USD Exchange Rate
2002-09-22,126.436,NGN/USD Exchange Rate
2002-09-29,125.65,NGN/USD Exchange Rate
2002-10-06,125.5625,NGN/USD Exchange Rate
2002-10-13,125.65,NGN/USD Exchange Rate
2002-10-20,126.025,NGN/USD Exchange Rate
2002-10-27,126.266,NGN/USD Exchange Rate
2002-11-03,126.314,NGN/USD Exchange Rate
2002-11-10,126.21,NGN/USD Exchange Rate
2002-11-17,126.36,NGN/USD Exchange Rate
2002-11-24,126.35,NGN/USD Exchange Rate
2002-12-01,126.386,NGN/USD Exchange Rate
2002-12-08,126.41,NGN/USD Exchange Rate
2002-12-15,126.344,NGN/USD Exchange Rate
2002-12-22,126.408,NGN/USD Exchange Rate
2002-12-29,126.4,NGN/USD Exchange Rate
2003-01-05,126.4,NGN/USD Exchange Rate
2003-01-12,126.49,NGN/USD Exchange Rate
2003-01-19,126.556,NGN/USD Exchange Rate
2003-01-26,126.624,NGN/USD Exchange Rate
2003-02-02,126.746,NGN/USD Exchange Rate
2003-02-09,126.944,NGN/USD Exchange Rate
2003-02-16,126.95,NGN/USD Exchange Rate
2003-02-23,127.2,NGN/USD Exchange Rate
2003-03-02,126.896,NGN/USD Exchange Rate
2003-03-09,126.7,NGN/USD Exchange Rate
2003-03-16,126.94,NGN/USD Exchange Rate
2003-03-23,126.96,NGN/USD Exchange Rate
2003-03-30,126.84,NGN/USD Exchange Rate
2003-04-06,126.954,NGN/USD Exchange Rate
2003-04-13,126.702,NGN/USD Exchange Rate
2003-04-20,127.01,NGN/USD Exchange Rate
2003-04-27,127.1225,NGN/USD Exchange Rate
2003-05-04,127.205,NGN/USD Exchange Rate
2003-05-11,127.084,NGN/USD Exchange Rate
2003-05-18,127.0,NGN/USD Exchange Rate
2003-05-25,127.28,NGN/USD Exchange Rate
2003-06-01,127.32,NGN/USD Exchange Rate
2003-06-08,127.304,NGN/USD Exchange Rate
2003-06-15,127.44,NGN/USD Exchange Rate
2003-06-22,127.456,NGN/USD Exchange Rate
2003-06-29,127.4,NGN/USD Exchange Rate
2003-07-06,127.35,NGN/USD Exchange Rate
2003-07-13,127.13,NGN/USD Exchange Rate
2003-07-20,127.41,NGN/USD Exchange Rate
2003-07-27,127.428,NGN/USD Exchange Rate
2003-08-03,127.31,NGN/USD Exchange Rate
2003-08-10,127.474,NGN/USD Exchange Rate
2003-08-17,127.564,NGN/USD Exchange Rate
2003-08-24,127.778,NGN/USD Exchange Rate
2003-08-31,127.68,NGN/USD Exchange Rate
2003-09-07,128.09,NGN/USD Exchange Rate
2003-09-14,128.32,NGN/USD Exchange Rate
2003-09-21,128.48,NGN/USD Exchange Rate
2003-09-28,127.924,NGN/USD Exchange Rate
2003-10-05,127.86,NGN/USD Exchange Rate
2003-10-12,128.082,NGN/USD Exchange Rate
2003-10-19,128.718,NGN/USD Exchange Rate
2003-10-26,129.504,NGN/USD Exchange Rate
2003-11-02,131.416,NGN/USD Exchange Rate
2003-11-09,134.72,NGN/USD Exchange Rate
2003-11-16,135.38,NGN/USD Exchange Rate
2003-11-23,137.264,NGN/USD Exchange Rate
2003-11-30,137.7,NGN/USD Exchange Rate
2003-12-07,137.2,NGN/USD Exchange Rate
2003-12-14,384.698,NGN/USD Exchange Rate
2003-12-21,136.54,NGN/USD Exchange Rate
2003-12-28,136.5,NGN/USD Exchange Rate
2004-01-04,136.5,NGN/USD Exchange Rate
2004-01-11,136.162,NGN/USD Exchange Rate
2004-01-18,135.72,NGN/USD Exchange Rate
2004-01-25,135.2,NGN/USD Exchange Rate
2004-02-01,134.88,NGN/USD Exchange Rate
2004-02-08,134.725,NGN/USD Exchange Rate
2004-02-15,134.7,NGN/USD Exchange Rate
2004-02-22,134.65,NGN/USD Exchange Rate
2004-02-29,134.56,NGN/USD Exchange Rate
2004-03-07,134.5,NGN/USD Exchange Rate
2004-03-14,134.404,NGN/USD Exchange Rate
2004-03-21,133.844,NGN/USD Exchange Rate
2004-03-28,133.54,NGN/USD Exchange Rate
2004-04-04,133.26,NGN/USD Exchange Rate
2004-04-11,133.2,NGN/USD Exchange Rate
2004-04-18,132.975,NGN/USD Exchange Rate
2004-04-25,132.9,NGN/USD Exchange Rate
2004-05-02,132.84,NGN/USD Exchange Rate
2004-05-09,132.8,NGN/USD Exchange Rate
2004-05-16,132.62,NGN/USD Exchange Rate
2004-05-23,132.38,NGN/USD Exchange Rate
2004-05-30,132.3,NGN/USD Exchange Rate
2004-06-06,132.25,NGN/USD Exchange Rate
2004-06-13,132.25,NGN/USD Exchange Rate
2004-06-20,132.25,NGN/USD Exchange Rate
2004-06-27,132.25,NGN/USD Exchange Rate
2004-07-04,132.25,NGN/USD Exchange Rate
2004-07-11,132.26,NGN/USD Exchange Rate
2004-07-18,132.3,NGN/USD Exchange Rate
2004-07-25,132.328,NGN/USD Exchange Rate
2004-08-01,132.3333,NGN/USD Exchange Rate
2004-08-08,132.3,NGN/USD Exchange Rate
2004-08-15,132.232,NGN/USD Exchange Rate
2004-08-22,132.34,NGN/USD Exchange Rate
2004-08-29,132.346,NGN/USD Exchange Rate
2004-09-05,132.33,NGN/USD Exchange Rate
2004-09-12,132.33,NGN/USD Exchange Rate
2004-09-19,132.34,NGN/USD Exchange Rate
2004-09-26,132.352,NGN/USD Exchange Rate
2004-10-03,132.37,NGN/USD Exchange Rate
2004-10-10,132.376,NGN/USD Exchange Rate
2004-10-17,132.38,NGN/USD Exchange Rate
2004-10-24,132.382,NGN/USD Exchange Rate
2004-10-31,132.388,NGN/USD Exchange Rate
2004-11-07,132.36,NGN/USD Exchange Rate
2004-11-14,132.5,NGN/USD Exchange Rate
2004-11-21,132.378,NGN/USD Exchange Rate
2004-11-28,132.37,NGN/USD Exchange Rate
2004-12-05,132.38,NGN/USD Exchange Rate
2004-12-12,132.35,NGN/USD Exchange Rate
2004-12-19,132.368,NGN/USD Exchange Rate
2004-12-26,132.35,NGN/USD Exchange Rate
2005-01-02,132.35,NGN/USD Exchange Rate
2005-01-09,132.35,NGN/USD Exchange Rate
2005-01-16,132.356,NGN/USD Exchange Rate
2005-01-23,132.38,NGN/USD Exchange Rate
2005-01-30,132.36,NGN/USD Exchange Rate
2005-02-06,132.354,NGN/USD Exchange Rate
2005-02-13,132.35,NGN/USD Exchange Rate
2005-02-20,132.35,NGN/USD Exchange Rate
2005-02-27,132.36,NGN/USD Exchange Rate
2005-03-06,132.35,NGN/USD Exchange Rate
2005-03-13,132.35,NGN/USD Exchange Rate
2005-03-20,132.36,NGN/USD Exchange Rate
2005-03-27,132.355,NGN/USD Exchange Rate
2005-04-03,132.35,NGN/USD Exchange Rate
2005-04-10,132.35,NGN/USD Exchange Rate
2005-04-17,132.36,NGN/USD Exchange Rate
2005-04-24,132.36,NGN/USD Exchange Rate
2005-05-01,132.342,NGN/USD Exchange Rate
2005-05-08,132.3075,NGN/USD Exchange Rate
2005-05-15,132.306,NGN/USD Exchange Rate
2005-05-22,132.33,NGN/USD Exchange Rate
2005-05-29,132.33,NGN/USD Exchange Rate
2005-06-05,132.33,NGN/USD Exchange Rate
2005-06-12,132.356,NGN/USD Exchange Rate
2005-06-19,132.38,NGN/USD Exchange Rate
2005-06-26,132.388,NGN/USD Exchange Rate
2005-07-03,132.374,NGN/USD Exchange Rate
2005-07-10,132.382,NGN/USD Exchange Rate
2005-07-17,132.37,NGN/USD Exchange Rate
2005-07-24,132.365,NGN/USD Exchange Rate
2005-07-31,132.36,NGN/USD Exchange Rate
2005-08-07,132.38,NGN/USD Exchange Rate
2005-08-14,132.368,NGN/USD Exchange Rate
2005-08-21,132.36,NGN/USD Exchange Rate
2005-08-28,130.662,NGN/USD Exchange Rate
2005-09-04,129.07,NGN/USD Exchange Rate
2005-09-11,129.028,NGN/USD Exchange Rate
2005-09-18,129.0,NGN/USD Exchange Rate
2005-09-25,129.006,NGN/USD Exchange Rate
2005-10-02,129.016,NGN/USD Exchange Rate
2005-10-09,129.0225,NGN/USD Exchange Rate
2005-10-16,129.046,NGN/USD Exchange Rate
2005-10-23,129.05,NGN/USD Exchange Rate
2005-10-30,129.05,NGN/USD Exchange Rate
2005-11-06,129.03,NGN/USD Exchange Rate
2005-11-13,129.03,NGN/USD Exchange Rate
2005-11-20,129.03,NGN/USD Exchange Rate
2005-11-27,128.712,NGN/USD Exchange Rate
2005-12-04,128.51,NGN/USD Exchange Rate
2005-12-11,128.5,NGN/USD Exchange Rate
2005-12-18,128.5,NGN/USD Exchange Rate
2005-12-25,128.5,NGN/USD Exchange Rate
2006-01-01,128.5,NGN/USD Exchange Rate
2006-01-08,128.5,NGN/USD Exchange Rate
2006-01-15,128.5,NGN/USD Exchange Rate
2006-01-22,128.5,NGN/USD Exchange Rate
2006-01-29,128.5,NGN/USD Exchange Rate
2006-02-05,128.2,NGN/USD Exchange Rate
2006-02-12,128.0,NGN/USD Exchange Rate
2006-02-19,128.0,NGN/USD Exchange Rate
2006-02-26,127.5,NGN/USD Exchange Rate
2006-03-05,127.3,NGN/USD Exchange Rate
2006-03-12,127.0,NGN/USD Exchange Rate
2006-03-19,127.0,NGN/USD Exchange Rate
2006-03-26,127.0,NGN/USD Exchange Rate
2006-04-02,126.8,NGN/USD Exchange Rate
2006-04-09,126.7,NGN/USD Exchange Rate
2006-04-16,126.7,NGN/USD Exchange Rate
2006-04-23,126.7,NGN/USD Exchange Rate
2006-04-30,126.68,NGN/USD Exchange Rate
2006-05-07,126.68,NGN/USD Exchange Rate
2006-05-14,126.67,NGN/USD Exchange Rate
2006-05-21,126.67,NGN/USD Exchange Rate
2006-05-28,126.69,NGN/USD Exchange Rate
2006-06-04,126.695,NGN/USD Exchange Rate
2006-06-11,126.685,NGN/USD Exchange Rate
2006-06-18,126.682,NGN/USD Exchange Rate
2006-06-25,126.686,NGN/USD Exchange Rate
2006-07-02,126.678,NGN/USD Exchange Rate
2006-07-09,126.658,NGN/USD Exchange Rate
2006-07-16,126.62,NGN/USD Exchange Rate
2006-07-23,126.6,NGN/USD Exchange Rate
2006-07-30,126.596,NGN/USD Exchange Rate
2006-08-06,126.59,NGN/USD Exchange Rate
2006-08-13,126.57,NGN/USD Exchange Rate
2006-08-20,126.564,NGN/USD Exchange Rate
2006-08-27,126.548,NGN/USD Exchange Rate
2006-09-03,126.524,NGN/USD Exchange Rate
2006-09-10,126.52,NGN/USD Exchange Rate
2006-09-17,126.528,NGN/USD Exchange Rate
2006-09-24,126.52,NGN/USD Exchange Rate
2006-10-01,126.51,NGN/USD Exchange Rate
2006-10-08,126.5075,NGN/USD Exchange Rate
2006-10-15,126.51,NGN/USD Exchange Rate
2006-10-22,126.5,NGN/USD Exchange Rate
2006-10-29,126.52,NGN/USD Exchange Rate
2006-11-05,126.54,NGN/USD Exchange Rate
2006-11-12,126.524,NGN/USD Exchange Rate
2006-11-19,126.51,NGN/USD Exchange Rate
2006-11-26,126.504,NGN/USD Exchange Rate
2006-12-03,126.508,NGN/USD Exchange Rate
2006-12-10,126.542,NGN/USD Exchange Rate
2006-12-17,126.518,NGN/USD Exchange Rate
2006-12-24,126.504,NGN/USD Exchange Rate
2006-12-31,126.5,NGN/USD Exchange Rate
2007-01-07,126.5,NGN/USD Exchange Rate
2007-01-14,126.516,NGN/USD Exchange Rate
2007-01-21,126.504,NGN/USD Exchange Rate
2007-01-28,126.5,NGN/USD Exchange Rate
2007-02-04,126.5075,NGN/USD Exchange Rate
2007-02-11,126.504,NGN/USD Exchange Rate
2007-02-18,126.488,NGN/USD Exchange Rate
2007-02-25,126.492,NGN/USD Exchange Rate
2007-03-04,126.51,NGN/USD Exchange Rate
2007-03-11,126.48,NGN/USD Exchange Rate
2007-03-18,126.46,NGN/USD Exchange Rate
2007-03-25,126.3,NGN/USD Exchange Rate
2007-04-01,126.29,NGN/USD Exchange Rate
2007-04-08,126.2833,NGN/USD Exchange Rate
2007-04-15,126.28,NGN/USD Exchange Rate
2007-04-22,126.254,NGN/USD Exchange Rate
2007-04-29,126.148,NGN/USD Exchange Rate
2007-05-06,126.1,NGN/USD Exchange Rate
2007-05-13,125.8,NGN/USD Exchange Rate
2007-05-20,125.756,NGN/USD Exchange Rate
2007-05-27,125.75,NGN/USD Exchange Rate
2007-06-03,125.73,NGN/USD Exchange Rate
2007-06-10,125.712,NGN/USD Exchange Rate
2007-06-17,125.7,NGN/USD Exchange Rate
2007-06-24,125.6,NGN/USD Exchange Rate
2007-07-01,125.55,NGN/USD Exchange Rate
2007-07-08,125.51,NGN/USD Exchange Rate
2007-07-15,125.45,NGN/USD Exchange Rate
2007-07-22,125.402,NGN/USD Exchange Rate
2007-07-29,125.375,NGN/USD Exchange Rate
2007-08-05,125.335,NGN/USD Exchange Rate
2007-08-12,125.244,NGN/USD Exchange Rate
2007-08-19,125.2,NGN/USD Exchange Rate
2007-08-26,124.55,NGN/USD Exchange Rate
2007-09-02,114.478,NGN/USD Exchange Rate
2007-09-09,124.318,NGN/USD Exchange Rate
2007-09-16,124.25,NGN/USD Exchange Rate
2007-09-23,124.04,NGN/USD Exchange Rate
2007-09-30,123.9,NGN/USD Exchange Rate
2007-10-07,123.9,NGN/USD Exchange Rate
2007-10-14,123.5433,NGN/USD Exchange Rate
2007-10-21,122.692,NGN/USD Exchange Rate
2007-10-28,121.7675,NGN/USD Exchange Rate
2007-11-04,121.38,NGN/USD Exchange Rate
2007-11-11,121.38,NGN/USD Exchange Rate
2007-11-18,117.67,NGN/USD Exchange Rate
2007-11-25,117.398,NGN/USD Exchange Rate
2007-12-02,117.248,NGN/USD Exchange Rate
2007-12-09,116.748,NGN/USD Exchange Rate
2007-12-16,116.364,NGN/USD Exchange Rate
2007-12-23,116.3,NGN/USD Exchange Rate
2007-12-30,116.3,NGN/USD Exchange Rate
2008-01-06,116.3,NGN/USD Exchange Rate
2008-01-13,116.306,NGN/USD Exchange Rate
2008-01-20,116.31,NGN/USD Exchange Rate
2008-01-27,116.31,NGN/USD Exchange Rate
2008-02-03,116.31,NGN/USD Exchange Rate
2008-02-10,116.31,NGN/USD Exchange Rate
2008-02-17,116.292,NGN/USD Exchange Rate
2008-02-24,116.28,NGN/USD Exchange Rate
2008-03-02,116.28,NGN/USD Exchange Rate
2008-03-09,116.28,NGN/USD Exchange Rate
2008-03-16,116.262,NGN/USD Exchange Rate
2008-03-23,116.23,NGN/USD Exchange Rate
2008-03-30,116.23,NGN/USD Exchange Rate
2008-04-06,116.23,NGN/USD Exchange Rate
2008-04-13,116.212,NGN/USD Exchange Rate
2008-04-20,116.2,NGN/USD Exchange Rate
2008-04-27,116.2,NGN/USD Exchange Rate
2008-05-04,116.2,NGN/USD Exchange Rate
2008-05-11,116.18,NGN/USD Exchange Rate
2008-05-18,116.168,NGN/USD Exchange Rate
2008-05-25,116.16,NGN/USD Exchange Rate
2008-06-01,116.16,NGN/USD Exchange Rate
2008-06-08,116.15,NGN/USD Exchange Rate
2008-06-15,116.15,NGN/USD Exchange Rate
2008-06-22,116.14,NGN/USD Exchange Rate
2008-06-29,116.134,NGN/USD Exchange Rate
2008-07-06,116.124,NGN/USD Exchange Rate
2008-07-13,116.108,NGN/USD Exchange Rate
2008-07-20,116.1,NGN/USD Exchange Rate
2008-07-27,116.094,NGN/USD Exchange Rate
2008-08-03,106.09,NGN/USD Exchange Rate
2008-08-10,116.084,NGN/USD Exchange Rate
2008-08-17,116.08,NGN/USD Exchange Rate
2008-08-24,116.074,NGN/USD Exchange Rate
2008-08-31,116.064,NGN/USD Exchange Rate
2008-09-07,116.06,NGN/USD Exchange Rate
2008-09-14,116.06,NGN/USD Exchange Rate
2008-09-21,116.06,NGN/USD Exchange Rate
2008-09-28,116.06,NGN/USD Exchange Rate
2008-10-05,116.06,NGN/USD Exchange Rate
2008-10-12,116.05,NGN/USD Exchange Rate
2008-10-19,116.05,NGN/USD Exchange Rate
2008-10-26,116.066,NGN/USD Exchange Rate
2008-11-02,116.07,NGN/USD Exchange Rate
2008-11-09,116.07,NGN/USD Exchange Rate
2008-11-16,116.07,NGN/USD Exchange Rate
2008-11-23,116.07,NGN/USD Exchange Rate
2008-11-30,116.104,NGN/USD Exchange Rate
2008-12-07,122.488,NGN/USD Exchange Rate
2008-12-14,130.75,NGN/USD Exchange Rate
2008-12-21,130.75,NGN/USD Exchange Rate
2008-12-28,130.75,NGN/USD Exchange Rate
2009-01-04,130.75,NGN/USD Exchange Rate
2009-01-11,136.806,NGN/USD Exchange Rate
2009-01-18,147.522,NGN/USD Exchange Rate
2009-01-25,143.504,NGN/USD Exchange Rate
2009-02-01,143.805,NGN/USD Exchange Rate
2009-02-08,144.8,NGN/USD Exchange Rate
2009-02-15,145.14,NGN/USD Exchange Rate
2009-02-22,145.4,NGN/USD Exchange Rate
2009-03-01,145.37,NGN/USD Exchange Rate
2009-03-08,145.676,NGN/USD Exchange Rate
2009-03-15,146.02,NGN/USD Exchange Rate
2009-03-22,146.472,NGN/USD Exchange Rate
2009-03-29,145.306,NGN/USD Exchange Rate
2009-04-05,145.236,NGN/USD Exchange Rate
2009-04-12,145.275,NGN/USD Exchange Rate
2009-04-19,145.3625,NGN/USD Exchange Rate
2009-04-26,145.182,NGN/USD Exchange Rate
2009-05-03,145.3,NGN/USD Exchange Rate
2009-05-10,145.506,NGN/USD Exchange Rate
2009-05-17,145.778,NGN/USD Exchange Rate
2009-05-24,146.11,NGN/USD Exchange Rate
2009-05-31,146.1825,NGN/USD Exchange Rate
2009-06-07,146.224,NGN/USD Exchange Rate
2009-06-14,146.25,NGN/USD Exchange Rate
2009-06-21,146.2,NGN/USD Exchange Rate
2009-06-28,146.26,NGN/USD Exchange Rate
2009-07-05,146.22,NGN/USD Exchange Rate
2009-07-12,145.78,NGN/USD Exchange Rate
2009-07-19,145.72,NGN/USD Exchange Rate
2009-07-26,146.616,NGN/USD Exchange Rate
2009-08-02,148.714,NGN/USD Exchange Rate
2009-08-09,149.786,NGN/USD Exchange Rate
2009-08-16,149.54,NGN/USD Exchange Rate
2009-08-23,149.8,NGN/USD Exchange Rate
2009-08-30,150.044,NGN/USD Exchange Rate
2009-09-06,150.686,NGN/USD Exchange Rate
2009-09-13,151.37,NGN/USD Exchange Rate
2009-09-20,151.19,NGN/USD Exchange Rate
2009-09-27,150.51,NGN/USD Exchange Rate
2009-10-04,147.915,NGN/USD Exchange Rate
2009-10-11,146.01,NGN/USD Exchange Rate
2009-10-18,147.028,NGN/USD Exchange Rate
2009-10-25,147.95,NGN/USD Exchange Rate
2009-11-01,148.64,NGN/USD Exchange Rate
2009-11-08,149.018,NGN/USD Exchange Rate
2009-11-15,149.574,NGN/USD Exchange Rate
2009-11-22,149.394,NGN/USD Exchange Rate
2009-11-29,147.95,NGN/USD Exchange Rate
2009-12-06,147.81,NGN/USD Exchange Rate
2009-12-13,147.936,NGN/USD Exchange Rate
2009-12-20,147.56,NGN/USD Exchange Rate
2009-12-27,147.6,NGN/USD Exchange Rate
2010-01-03,147.6,NGN/USD Exchange Rate
2010-01-10,147.286,NGN/USD Exchange Rate
2010-01-17,148.162,NGN/USD Exchange Rate
2010-01-24,147.59,NGN/USD Exchange Rate
2010-01-31,148.25,NGN/USD Exchange Rate
2010-02-07,148.464,NGN/USD Exchange Rate
2010-02-14,148.236,NGN/USD Exchange Rate
2010-02-21,148.118,NGN/USD Exchange Rate
2010-02-28,148.105,NGN/USD Exchange Rate
2010-03-07,147.85,NGN/USD Exchange Rate
2010-03-14,147.78,NGN/USD Exchange Rate
2010-03-21,147.88,NGN/USD Exchange Rate
2010-03-28,147.804,NGN/USD Exchange Rate
2010-04-04,147.905,NGN/USD Exchange Rate
2010-04-11,147.7625,NGN/USD Exchange Rate
2010-04-18,147.83,NGN/USD Exchange Rate
2010-04-25,147.922,NGN/USD Exchange Rate
2010-05-02,148.07,NGN/USD Exchange Rate
2010-05-09,148.2433,NGN/USD Exchange Rate
2010-05-16,148.274,NGN/USD Exchange Rate
2010-05-23,148.398,NGN/USD Exchange Rate
2010-05-30,148.325,NGN/USD Exchange Rate
2010-06-06,148.2575,NGN/USD Exchange Rate
2010-06-13,148.358,NGN/USD Exchange Rate
2010-06-20,148.278,NGN/USD Exchange Rate
2010-06-27,148.12,NGN/USD Exchange Rate
2010-07-04,148.02,NGN/USD Exchange Rate
2010-07-11,147.992,NGN/USD Exchange Rate
2010-07-18,148.12,NGN/USD Exchange Rate
2010-07-25,148.216,NGN/USD Exchange Rate
2010-08-01,148.128,NGN/USD Exchange Rate
2010-08-08,148.044,NGN/USD Exchange Rate
2010-08-15,148.108,NGN/USD Exchange Rate
2010-08-22,148.25,NGN/USD Exchange Rate
2010-08-29,148.488,NGN/USD Exchange Rate
2010-09-05,148.652,NGN/USD Exchange Rate
2010-09-12,148.72,NGN/USD Exchange Rate
2010-09-19,148.946,NGN/USD Exchange Rate
2010-09-26,149.286,NGN/USD Exchange Rate
2010-10-03,149.45,NGN/USD Exchange Rate
2010-10-10,149.262,NGN/USD Exchange Rate
2010-10-17,149.494,NGN/USD Exchange Rate
2010-10-24,149.456,NGN/USD Exchange Rate
2010-10-31,148.56,NGN/USD Exchange Rate
2010-11-07,148.06,NGN/USD Exchange Rate
2010-11-14,148.16,NGN/USD Exchange Rate
2010-11-21,148.31,NGN/USD Exchange Rate
2010-11-28,148.464,NGN/USD Exchange Rate
2010-12-05,148.28,NGN/USD Exchange Rate
2010-12-12,148.47,NGN/USD Exchange Rate
2010-12-19,148.626,NGN/USD Exchange Rate
2010-12-26,148.67,NGN/USD Exchange Rate
2011-01-02,148.67,NGN/USD Exchange Rate
2011-01-09,148.7925,NGN/USD Exchange Rate
2011-01-16,149.426,NGN/USD Exchange Rate
2011-01-23,149.804,NGN/USD Exchange Rate
2011-01-30,149.864,NGN/USD Exchange Rate
2011-02-06,149.826,NGN/USD Exchange Rate
2011-02-13,149.87,NGN/USD Exchange Rate
2011-02-20,149.9925,NGN/USD Exchange Rate
2011-02-27,150.014,NGN/USD Exchange Rate
2011-03-06,150.15,NGN/USD Exchange Rate
2011-03-13,150.246,NGN/USD Exchange Rate
2011-03-20,150.466,NGN/USD Exchange Rate
2011-03-27,150.71,NGN/USD Exchange Rate
2011-04-03,150.932,NGN/USD Exchange Rate
2011-04-10,151.35,NGN/USD Exchange Rate
2011-04-17,151.932,NGN/USD Exchange Rate
2011-04-24,152.36,NGN/USD Exchange Rate
2011-05-01,152.42,NGN/USD Exchange Rate
2011-05-08,152.5025,NGN/USD Exchange Rate
2011-05-15,152.806,NGN/USD Exchange Rate
2011-05-22,152.6033,NGN/USD Exchange Rate
2011-05-29,153.006,NGN/USD Exchange Rate
2011-06-05,152.715,NGN/USD Exchange Rate
2011-06-12,152.326,NGN/USD Exchange Rate
2011-06-19,152.596,NGN/USD Exchange Rate
2011-06-26,153.034,NGN/USD Exchange Rate
2011-07-03,151.63,NGN/USD Exchange Rate
2011-07-10,150.16,NGN/USD Exchange Rate
2011-07-17,149.548,NGN/USD Exchange Rate
2011-07-24,149.566,NGN/USD Exchange Rate
2011-07-31,149.88,NGN/USD Exchange Rate
2011-08-07,150.21,NGN/USD Exchange Rate
2011-08-14,150.15,NGN/USD Exchange Rate
2011-08-21,150.714,NGN/USD Exchange Rate
2011-08-28,151.5,NGN/USD Exchange Rate
2011-09-04,152.0367,NGN/USD Exchange Rate
2011-09-11,152.52,NGN/USD Exchange Rate
2011-09-18,152.932,NGN/USD Exchange Rate
2011-09-25,153.716,NGN/USD Exchange Rate
2011-10-02,154.268,NGN/USD Exchange Rate
2011-10-09,154.575,NGN/USD Exchange Rate
2011-10-16,152.264,NGN/USD Exchange Rate
2011-10-23,149.45,NGN/USD Exchange Rate
2011-10-30,149.534,NGN/USD Exchange Rate
2011-11-06,150.038,NGN/USD Exchange Rate
2011-11-13,152.32,NGN/USD Exchange Rate
2011-11-20,154.0,NGN/USD Exchange Rate
2011-11-27,155.31,NGN/USD Exchange Rate
2011-12-04,156.19,NGN/USD Exchange Rate
2011-12-11,156.12,NGN/USD Exchange Rate
2011-12-18,156.2,NGN/USD Exchange Rate
2011-12-25,156.2,NGN/USD Exchange Rate
2012-01-01,156.2,NGN/USD Exchange Rate
2012-01-08,156.2075,NGN/USD Exchange Rate
2012-01-15,156.252,NGN/USD Exchange Rate
2012-01-22,156.29,NGN/USD Exchange Rate
2012-01-29,156.41,NGN/USD Exchange Rate
2012-02-05,156.34,NGN/USD Exchange Rate
2012-02-12,156.05,NGN/USD Exchange Rate
2012-02-19,155.95,NGN/USD Exchange Rate
2012-02-26,155.48,NGN/USD Exchange Rate
2012-03-04,155.4,NGN/USD Exchange Rate
2012-03-11,155.51,NGN/USD Exchange Rate
2012-03-18,155.56,NGN/USD Exchange Rate
2012-03-25,155.56,NGN/USD Exchange Rate
2012-04-01,155.53,NGN/USD Exchange Rate
2012-04-08,155.4,NGN/USD Exchange Rate
2012-04-15,155.325,NGN/USD Exchange Rate
2012-04-22,155.23,NGN/USD Exchange Rate
2012-04-29,155.19,NGN/USD Exchange Rate
2012-05-06,155.2,NGN/USD Exchange Rate
2012-05-13,155.25,NGN/USD Exchange Rate
2012-05-20,155.2,NGN/USD Exchange Rate
2012-05-27,155.2,NGN/USD Exchange Rate
2012-06-03,155.25,NGN/USD Exchange Rate
2012-06-10,155.324,NGN/USD Exchange Rate
2012-06-17,155.4,NGN/USD Exchange Rate
2012-06-24,155.4,NGN/USD Exchange Rate
2012-07-01,155.428,NGN/USD Exchange Rate
2012-07-08,155.416,NGN/USD Exchange Rate
2012-07-15,155.37,NGN/USD Exchange Rate
2012-07-22,155.37,NGN/USD Exchange Rate
2012-07-29,155.36,NGN/USD Exchange Rate
2012-08-05,155.352,NGN/USD Exchange Rate
2012-08-12,155.345,NGN/USD Exchange Rate
2012-08-19,155.312,NGN/USD Exchange Rate
2012-08-26,155.3,NGN/USD Exchange Rate
2012-09-02,155.3,NGN/USD Exchange Rate
2012-09-09,155.3,NGN/USD Exchange Rate
2012-09-16,155.28,NGN/USD Exchange Rate
2012-09-23,155.28,NGN/USD Exchange Rate
2012-09-30,155.28,NGN/USD Exchange Rate
2012-10-07,155.2725,NGN/USD Exchange Rate
2012-10-14,155.25,NGN/USD Exchange Rate
2012-10-21,155.256,NGN/USD Exchange Rate
2012-10-28,155.26,NGN/USD Exchange Rate
2012-11-04,155.248,NGN/USD Exchange Rate
2012-11-11,155.24,NGN/USD Exchange Rate
2012-11-18,155.0,NGN/USD Exchange Rate
2012-11-25,155.256,NGN/USD Exchange Rate
2012-12-02,155.26,NGN/USD Exchange Rate
2012-12-09,155.26,NGN/USD Exchange Rate
2012-12-16,155.266,NGN/USD Exchange Rate
2012-12-23,155.27,NGN/USD Exchange Rate
2012-12-30,155.27,NGN/USD Exchange Rate
2013-01-06,155.27,NGN/USD Exchange Rate
2013-01-13,155.27,NGN/USD Exchange Rate
2013-01-20,155.22,NGN/USD Exchange Rate
2013-01-27,155.23,NGN/USD Exchange Rate
2013-02-03,155.236,NGN/USD Exchange Rate
2013-02-10,155.24,NGN/USD Exchange Rate
2013-02-17,155.24,NGN/USD Exchange Rate
2013-02-24,155.24,NGN/USD Exchange Rate
2013-03-03,155.25,NGN/USD Exchange Rate
2013-03-10,155.25,NGN/USD Exchange Rate
2013-03-17,155.256,NGN/USD Exchange Rate
2013-03-24,155.26,NGN/USD Exchange Rate
2013-03-31,155.25,NGN/USD Exchange Rate
2013-04-07,155.2425,NGN/USD Exchange Rate
2013-04-14,155.246,NGN/USD Exchange Rate
2013-04-21,155.25,NGN/USD Exchange Rate
2013-04-28,155.25,NGN/USD Exchange Rate
2013-05-05,155.25,NGN/USD Exchange Rate
2013-05-12,155.25,NGN/USD Exchange Rate
2013-05-19,155.24,NGN/USD Exchange Rate
2013-05-26,155.24,NGN/USD Exchange Rate
2013-06-02,155.24,NGN/USD Exchange Rate
2013-06-09,155.246,NGN/USD Exchange Rate
2013-06-16,155.25,NGN/USD Exchange Rate
2013-06-23,155.25,NGN/USD Exchange Rate
2013-06-30,155.25,NGN/USD Exchange Rate
2013-07-07,155.256,NGN/USD Exchange Rate
2013-07-14,155.26,NGN/USD Exchange Rate
2013-07-21,155.26,NGN/USD Exchange Rate
2013-07-28,155.26,NGN/USD Exchange Rate
2013-08-04,155.26,NGN/USD Exchange Rate
2013-08-11,155.25,NGN/USD Exchange Rate
2013-08-18,155.25,NGN/USD Exchange Rate
2013-08-25,155.26,NGN/USD Exchange Rate
2013-09-01,155.26,NGN/USD Exchange Rate
2013-09-08,155.26,NGN/USD Exchange Rate
2013-09-15,155.26,NGN/USD Exchange Rate
2013-09-22,155.26,NGN/USD Exchange Rate
2013-09-29,155.254,NGN/USD Exchange Rate
2013-10-06,155.25,NGN/USD Exchange Rate
2013-10-13,155.254,NGN/USD Exchange Rate
2013-10-20,155.31,NGN/USD Exchange Rate
2013-10-27,155.502,NGN/USD Exchange Rate
2013-11-03,155.425,NGN/USD Exchange Rate
2013-11-10,155.204,NGN/USD Exchange Rate
2013-11-17,155.204,NGN/USD Exchange Rate
2013-11-24,155.218,NGN/USD Exchange Rate
2013-12-01,155.22,NGN/USD Exchange Rate
2013-12-08,155.23,NGN/USD Exchange Rate
2013-12-15,155.23,NGN/USD Exchange Rate
2013-12-22,155.208,NGN/USD Exchange Rate
2013-12-29,155.2,NGN/USD Exchange Rate
2014-01-05,155.2,NGN/USD Exchange Rate
2014-01-12,155.22,NGN/USD Exchange Rate
2014-01-19,155.235,NGN/USD Exchange Rate
2014-01-26,155.246,NGN/USD Exchange Rate
2014-02-02,155.25,NGN/USD Exchange Rate
2014-02-09,155.25,NGN/USD Exchange Rate
2014-02-16,155.25,NGN/USD Exchange Rate
2014-02-23,155.25,NGN/USD Exchange Rate
2014-03-02,155.25,NGN/USD Exchange Rate
2014-03-09,155.25,NGN/USD Exchange Rate
2014-03-16,155.244,NGN/USD Exchange Rate
2014-03-23,155.24,NGN/USD Exchange Rate
2014-03-30,155.24,NGN/USD Exchange Rate
2014-04-06,155.24,NGN/USD Exchange Rate
2014-04-13,155.24,NGN/USD Exchange Rate
2014-04-20,155.23,NGN/USD Exchange Rate
2014-04-27,155.23,NGN/USD Exchange Rate
2014-05-04,155.23,NGN/USD Exchange Rate
2014-05-11,155.23,NGN/USD Exchange Rate
2014-05-18,155.23,NGN/USD Exchange Rate
2014-05-25,155.23,NGN/USD Exchange Rate
2014-06-01,155.23,NGN/USD Exchange Rate
2014-06-08,155.23,NGN/USD Exchange Rate
2014-06-15,155.23,NGN/USD Exchange Rate
2014-06-22,155.23,NGN/USD Exchange Rate
2014-06-29,155.23,NGN/USD Exchange Rate
2014-07-06,155.23,NGN/USD Exchange Rate
2014-07-13,155.23,NGN/USD Exchange Rate
2014-07-20,155.23,NGN/USD Exchange Rate
2014-07-27,155.23,NGN/USD Exchange Rate
2014-08-03,155.23,NGN/USD Exchange Rate
2014-08-10,155.23,NGN/USD Exchange Rate
2014-08-17,155.23,NGN/USD Exchange Rate
2014-08-24,155.23,NGN/USD Exchange Rate
2014-08-31,155.23,NGN/USD Exchange Rate
2014-09-07,155.23,NGN/USD Exchange Rate
2014-09-14,155.24,NGN/USD Exchange Rate
2014-09-21,155.25,NGN/USD Exchange Rate
2014-09-28,155.25,NGN/USD Exchange Rate
2014-10-05,155.25,NGN/USD Exchange Rate
2014-10-12,155.25,NGN/USD Exchange Rate
2014-10-19,155.256,NGN/USD Exchange Rate
2014-10-26,155.26,NGN/USD Exchange Rate
2014-11-02,155.26,NGN/USD Exchange Rate
2014-11-09,155.292,NGN/USD Exchange Rate
2014-11-16,155.674,NGN/USD Exchange Rate
2014-11-23,157.182,NGN/USD Exchange Rate
2014-11-30,163.5,NGN/USD Exchange Rate
2014-12-07,167.5,NGN/USD Exchange Rate
2014-12-14,167.5,NGN/USD Exchange Rate
2014-12-21,167.5,NGN/USD Exchange Rate
2014-12-28,167.5,NGN/USD Exchange Rate
2015-01-04,167.5,NGN/USD Exchange Rate
2015-01-11,167.5,NGN/USD Exchange Rate
2015-01-18,167.5,NGN/USD Exchange Rate
2015-01-25,167.5,NGN/USD Exchange Rate
2015-02-01,167.5,NGN/USD Exchange Rate
2015-02-08,167.5,NGN/USD Exchange Rate
2015-02-15,167.5,NGN/USD Exchange Rate
2015-02-22,179.9,NGN/USD Exchange Rate
2015-03-01,197.7,NGN/USD Exchange Rate
2015-03-08,196.82,NGN/USD Exchange Rate
2015-03-15,196.5,NGN/USD Exchange Rate
2015-03-22,196.5,NGN/USD Exchange Rate
2015-03-29,196.5,NGN/USD Exchange Rate
2015-04-05,196.5,NGN/USD Exchange Rate
2015-04-12,196.5,NGN/USD Exchange Rate
2015-04-19,196.5,NGN/USD Exchange Rate
2015-04-26,196.5,NGN/USD Exchange Rate
2015-05-03,196.5,NGN/USD Exchange Rate
2015-05-10,196.5,NGN/USD Exchange Rate
2015-05-17,196.5,NGN/USD Exchange Rate
2015-05-24,196.5,NGN/USD Exchange Rate
2015-05-31,196.5,NGN/USD Exchange Rate
2015-06-07,196.45,NGN/USD Exchange Rate
2015-06-14,196.4,NGN/USD Exchange Rate
2015-06-21,196.4,NGN/USD Exchange Rate
2015-06-28,196.4,NGN/USD Exchange Rate
2015-07-05,196.45,NGN/USD Exchange Rate
2015-07-12,196.45,NGN/USD Exchange Rate
2015-07-19,196.45,NGN/USD Exchange Rate
2015-07-26,196.5,NGN/USD Exchange Rate
2015-08-02,196.5,NGN/USD Exchange Rate
2015-08-09,196.5,NGN/USD Exchange Rate
2015-08-16,196.5,NGN/USD Exchange Rate
2015-08-23,196.5,NGN/USD Exchange Rate
2015-08-30,196.5,NGN/USD Exchange Rate
2015-09-06,196.5,NGN/USD Exchange Rate
2015-09-13,196.5,NGN/USD Exchange Rate
2015-09-20,196.5,NGN/USD Exchange Rate
2015-09-27,196.5,NGN/USD Exchange Rate
2015-10-04,196.475,NGN/USD Exchange Rate
2015-10-11,196.5,NGN/USD Exchange Rate
2015-10-18,196.488,NGN/USD Exchange Rate
2015-10-25,196.492,NGN/USD Exchange Rate
2015-11-01,196.482,NGN/USD Exchange Rate
2015-11-08,196.488,NGN/USD Exchange Rate
2015-11-15,196.488,NGN/USD Exchange Rate
2015-11-22,196.488,NGN/USD Exchange Rate
2015-11-29,196.5,NGN/USD Exchange Rate
2015-12-06,196.482,NGN/USD Exchange Rate
2015-12-13,196.482,NGN/USD Exchange Rate
2015-12-20,196.482,NGN/USD Exchange Rate
2015-12-27,196.5,NGN/USD Exchange Rate
2016-01-03,196.5,NGN/USD Exchange Rate
2016-01-10,196.5,NGN/USD Exchange Rate
2016-01-17,196.5,NGN/USD Exchange Rate
2016-01-24,196.5,NGN/USD Exchange Rate
2016-01-31,196.7,NGN/USD Exchange Rate
2016-02-07,196.5,NGN/USD Exchange Rate
2016-02-14,196.5,NGN/USD Exchange Rate
2016-02-21,196.5,NGN/USD Exchange Rate
2016-02-28,196.5,NGN/USD Exchange Rate
2016-03-06,196.5,NGN/USD Exchange Rate
2016-03-13,196.5,NGN/USD Exchange Rate
2016-03-20,196.5,NGN/USD Exchange Rate
2016-03-27,196.5,NGN/USD Exchange Rate
2016-04-03,196.5,NGN/USD Exchange Rate
2016-04-10,196.5,NGN/USD Exchange Rate
2016-04-17,196.5,NGN/USD Exchange Rate
2016-04-24,196.5,NGN/USD Exchange Rate
2016-05-01,196.5,NGN/USD Exchange Rate
2016-05-08,196.5,NGN/USD Exchange Rate
2016-05-15,196.5,NGN/USD Exchange Rate
2016-05-22,196.5,NGN/USD Exchange Rate
2016-05-29,196.5,NGN/USD Exchange Rate
2016-06-05,196.5,NGN/USD Exchange Rate
2016-06-12,196.5,NGN/USD Exchange Rate
2016-06-19,196.5,NGN/USD Exchange Rate
2016-06-26,281.0,NGN/USD Exchange Rate
2016-07-03,282.0,NGN/USD Exchange Rate
2016-07-10,281.5,NGN/USD Exchange Rate
2016-07-17,284.2,NGN/USD Exchange Rate
2016-07-24,293.54,NGN/USD Exchange Rate
2016-07-31,311.97,NGN/USD Exchange Rate
2016-08-07,310.9,NGN/USD Exchange Rate
2016-08-14,311.8,NGN/USD Exchange Rate
2016-08-21,311.86,NGN/USD Exchange Rate
2016-08-28,304.8,NGN/USD Exchange Rate
2016-09-04,304.9,NGN/USD Exchange Rate
2016-09-11,304.8,NGN/USD Exchange Rate
2016-09-18,304.8333,NGN/USD Exchange Rate
2016-09-25,304.6,NGN/USD Exchange Rate
2016-10-02,304.8,NGN/USD Exchange Rate
2016-10-09,304.5,NGN/USD Exchange Rate
2016-10-16,304.6,NGN/USD Exchange Rate
2016-10-23,304.85,NGN/USD Exchange Rate
2016-10-30,304.9,NGN/USD Exchange Rate
2016-11-06,304.65,NGN/USD Exchange Rate
2016-11-13,304.6,NGN/USD Exchange Rate
2016-11-20,304.9,NGN/USD Exchange Rate
2016-11-27,304.55,NGN/USD Exchange Rate
2016-12-04,304.6,NGN/USD Exchange Rate
2016-12-11,305.0,NGN/USD Exchange Rate
2016-12-18,304.5,NGN/USD Exchange Rate
2016-12-25,304.75,NGN/USD Exchange Rate
2017-01-01,304.6667,NGN/USD Exchange Rate
2017-01-08,304.5,NGN/USD Exchange Rate
2017-01-15,304.5,NGN/USD Exchange Rate
2017-01-22,304.85,NGN/USD Exchange Rate
2017-01-29,304.9,NGN/USD Exchange Rate
2017-02-05,304.75,NGN/USD Exchange Rate
2017-02-12,304.65,NGN/USD Exchange Rate
2017-02-19,304.9,NGN/USD Exchange Rate
2017-02-26,304.85,NGN/USD Exchange Rate
2017-03-05,304.85,NGN/USD Exchange Rate
2017-03-12,305.21,NGN/USD Exchange Rate
2017-03-19,306.0,NGN/USD Exchange Rate
2017-03-26,307.05,NGN/USD Exchange Rate
2017-04-02,306.04,NGN/USD Exchange Rate
2017-04-09,305.72,NGN/USD Exchange Rate
2017-04-16,305.6,NGN/USD Exchange Rate
2017-04-23,305.5,NGN/USD Exchange Rate
2017-04-30,305.39,NGN/USD Exchange Rate
2017-05-07,305.2375,NGN/USD Exchange Rate
2017-05-14,305.13,NGN/USD Exchange Rate
2017-05-21,304.98,NGN/USD Exchange Rate
2017-05-28,304.9,NGN/USD Exchange Rate
2017-06-04,304.9375,NGN/USD Exchange Rate
2017-06-11,305.08,NGN/USD Exchange Rate
2017-06-18,305.21,NGN/USD Exchange Rate
2017-06-25,305.33,NGN/USD Exchange Rate
2017-07-02,305.4,NGN/USD Exchange Rate
2017-07-09,305.48,NGN/USD Exchange Rate
2017-07-16,305.46,NGN/USD Exchange Rate
2017-07-23,305.34,NGN/USD Exchange Rate
2017-07-30,305.21,NGN/USD Exchange Rate
2017-08-06,305.09,NGN/USD Exchange Rate
2017-08-13,305.04,NGN/USD Exchange Rate
2017-08-20,305.15,NGN/USD Exchange Rate
2017-08-27,305.25,NGN/USD Exchange Rate
2017-09-03,305.3375,NGN/USD Exchange Rate
2017-09-10,305.425,NGN/USD Exchange Rate
2017-09-17,305.48,NGN/USD Exchange Rate
2017-09-24,305.37,NGN/USD Exchange Rate
2017-10-01,305.28,NGN/USD Exchange Rate
2017-10-08,305.175,NGN/USD Exchange Rate
2017-10-15,304.96,NGN/USD Exchange Rate
2017-10-22,305.09,NGN/USD Exchange Rate
2017-10-29,305.21,NGN/USD Exchange Rate
2017-11-05,305.34,NGN/USD Exchange Rate
2017-11-12,305.43,NGN/USD Exchange Rate
2017-11-19,305.48,NGN/USD Exchange Rate
2017-11-26,305.38,NGN/USD Exchange Rate
2017-12-03,305.3375,NGN/USD Exchange Rate
2017-12-10,306.14,NGN/USD Exchange Rate
2017-12-17,305.79,NGN/USD Exchange Rate
2017-12-24,305.67,NGN/USD Exchange Rate
2017-12-31,305.55,NGN/USD Exchange Rate
2018-01-07,305.4625,NGN/USD Exchange Rate
2018-01-14,305.35,NGN/USD Exchange Rate
2018-01-21,305.24,NGN/USD Exchange Rate
2018-01-28,305.14,NGN/USD Exchange Rate
2018-02-04,305.22,NGN/USD Exchange Rate
2018-02-11,305.33,NGN/USD Exchange Rate
2018-02-18,305.42,NGN/USD Exchange Rate
2018-02-25,305.48,NGN/USD Exchange Rate
2018-03-04,305.39,NGN/USD Exchange Rate
2018-03-11,305.31,NGN/USD Exchange Rate
2018-03-18,305.24,NGN/USD Exchange Rate
2018-03-25,305.2,NGN/USD Exchange Rate
2018-04-01,305.15,NGN/USD Exchange Rate
2018-04-08,305.1125,NGN/USD Exchange Rate
2018-04-15,305.06,NGN/USD Exchange Rate
2018-04-22,305.1,NGN/USD Exchange Rate
2018-04-29,305.15,NGN/USD Exchange Rate
2018-05-06,305.2,NGN/USD Exchange Rate
2018-05-13,305.26,NGN/USD Exchange Rate
2018-05-20,305.33,NGN/USD Exchange Rate
2018-05-27,305.39,NGN/USD Exchange Rate
2018-06-03,305.4625,NGN/USD Exchange Rate
2018-06-10,305.47,NGN/USD Exchange Rate
2018-06-17,305.3875,NGN/USD Exchange Rate
2018-06-24,305.325,NGN/USD Exchange Rate
2018-07-01,305.27,NGN/USD Exchange Rate
2018-07-08,305.21,NGN/USD Exchange Rate
2018-07-15,305.27,NGN/USD Exchange Rate
2018-07-22,305.33,NGN/USD Exchange Rate
2018-07-29,305.39,NGN/USD Exchange Rate
2018-08-05,305.42,NGN/USD Exchange Rate
2018-08-12,305.5,NGN/USD Exchange Rate
2018-08-19,305.57,NGN/USD Exchange Rate
2018-08-26,305.6,NGN/USD Exchange Rate
2018-09-02,305.64,NGN/USD Exchange Rate
2018-09-09,305.69,NGN/USD Exchange Rate
2018-09-16,305.75,NGN/USD Exchange Rate
2018-09-23,305.8,NGN/USD Exchange Rate
2018-09-30,305.85,NGN/USD Exchange Rate
2018-10-07,305.9,NGN/USD Exchange Rate
2018-10-14,305.95,NGN/USD Exchange Rate
2018-10-21,306.0,NGN/USD Exchange Rate
2018-10-28,306.05,NGN/USD Exchange Rate
2018-11-04,306.1,NGN/USD Exchange Rate
2018-11-11,306.15,NGN/USD Exchange Rate
2018-11-18,306.2,NGN/USD Exchange Rate
2018-11-25,306.25,NGN/USD Exchange Rate
2018-12-02,306.3,NGN/USD Exchange Rate
2018-12-09,306.35,NGN/USD Exchange Rate
2018-12-16,306.4,NGN/USD Exchange Rate
2018-12-23,306.45,NGN/USD Exchange Rate
2018-12-30,306.5,NGN/USD Exchange Rate
2019-01-06,306.4625,NGN/USD Exchange Rate
2019-01-13,306.4,NGN/USD Exchange Rate
2019-01-20,306.35,NGN/USD Exchange Rate
2019-01-27,306.3,NGN/USD Exchange Rate
2019-02-03,306.25,NGN/USD Exchange Rate
2019-02-10,306.21,NGN/USD Exchange Rate
2019-02-17,306.24,NGN/USD Exchange Rate
2019-02-24,306.3,NGN/USD Exchange Rate
2019-03-03,306.35,NGN/USD Exchange Rate
2019-03-10,306.4,NGN/USD Exchange Rate
2019-03-17,306.45,NGN/USD Exchange Rate
2019-03-24,306.41,NGN/USD Exchange Rate
2019-03-31,306.45,NGN/USD Exchange Rate
2019-04-07,306.49,NGN/USD Exchange Rate
2019-04-14,306.5,NGN/USD Exchange Rate
2019-04-21,306.45,NGN/USD Exchange Rate
2019-04-28,306.4,NGN/USD Exchange Rate
2019-05-05,306.45,NGN/USD Exchange Rate
2019-05-12,306.5,NGN/USD Exchange Rate
2019-05-19,306.45,NGN/USD Exchange Rate
2019-05-26,306.4,NGN/USD Exchange Rate
2019-06-02,306.45,NGN/USD Exchange Rate
2019-06-09,306.45,NGN/USD Exchange Rate
2019-06-16,306.5,NGN/USD Exchange Rate
2019-06-23,306.45,NGN/USD Exchange Rate
2019-06-30,306.4,NGN/USD Exchange Rate
2019-07-07,306.45,NGN/USD Exchange Rate
2019-07-14,306.5,NGN/USD Exchange Rate
2019-07-21,306.45,NGN/USD Exchange Rate
2019-07-28,306.4,NGN/USD Exchange Rate
2019-08-04,306.35,NGN/USD Exchange Rate
2019-08-11,306.4,NGN/USD Exchange Rate
2019-08-18,306.4,NGN/USD Exchange Rate
2019-08-25,306.45,NGN/USD Exchange Rate
2019-09-01,306.5,NGN/USD Exchange Rate
2019-09-08,306.43,NGN/USD Exchange Rate
2019-09-15,306.37,NGN/USD Exchange Rate
2019-09-22,306.4,NGN/USD Exchange Rate
2019-09-29,306.45,NGN/USD Exchange Rate
2019-10-06,306.5,NGN/USD Exchange Rate
2019-10-13,306.48,NGN/USD Exchange Rate
2019-10-20,306.42,NGN/USD Exchange Rate
2019-10-27,306.44,NGN/USD Exchange Rate
2019-11-03,306.5,NGN/USD Exchange Rate
2019-11-10,306.43,NGN/USD Exchange Rate
2019-11-17,306.4,NGN/USD Exchange Rate
2019-11-24,306.45,NGN/USD Exchange Rate
2019-12-01,306.49,NGN/USD Exchange Rate
2019-12-08,306.45,NGN/USD Exchange Rate
2019-12-15,306.4,NGN/USD Exchange Rate
2019-12-22,306.45,NGN/USD Exchange Rate
2019-12-29,306.5,NGN/USD Exchange Rate
2020-01-05,306.5,NGN/USD Exchange Rate
2020-01-12,306.475,NGN/USD Exchange Rate
2020-01-19,306.41,NGN/USD Exchange Rate
2020-01-26,306.45,NGN/USD Exchange Rate
2020-02-02,306.49,NGN/USD Exchange Rate
2020-02-09,306.47,NGN/USD Exchange Rate
2020-02-16,306.42,NGN/USD Exchange Rate
2020-02-23,306.48,NGN/USD Exchange Rate
2020-03-01,306.45,NGN/USD Exchange Rate
2020-03-08,306.5,NGN/USD Exchange Rate
2020-03-15,306.4625,NGN/USD Exchange Rate
2020-03-22,317.29,NGN/USD Exchange Rate
2020-03-29,360.5,NGN/USD Exchange Rate
2020-04-05,360.5,NGN/USD Exchange Rate
2020-04-12,360.5,NGN/USD Exchange Rate
2020-04-19,360.5,NGN/USD Exchange Rate
2020-04-26,360.5,NGN/USD Exchange Rate
2020-05-03,360.5,NGN/USD Exchange Rate
2020-05-10,360.5,NGN/USD Exchange Rate
2020-05-17,360.5,NGN/USD Exchange Rate
2020-05-24,360.5,NGN/USD Exchange Rate
2020-05-31,360.5,NGN/USD Exchange Rate
2020-06-07,360.5,NGN/USD Exchange Rate
2020-06-14,360.5,NGN/USD Exchange Rate
2020-06-21,360.5,NGN/USD Exchange Rate
2020-06-28,360.5,NGN/USD Exchange Rate
2020-07-05,360.5,NGN/USD Exchange Rate
2020-07-12,360.5,NGN/USD Exchange Rate
2020-07-19,360.5,NGN/USD Exchange Rate
2020-07-26,360.5,NGN/USD Exchange Rate
2020-08-02,360.5,NGN/USD Exchange Rate
2020-08-09,368.1,NGN/USD Exchange Rate
2020-08-16,379.5,NGN/USD Exchange Rate
2020-08-23,379.5,NGN/USD Exchange Rate
2020-08-30,379.5,NGN/USD Exchange Rate
2020-09-06,379.5,NGN/USD Exchange Rate
2020-09-13,379.5,NGN/USD Exchange Rate
2020-09-20,379.5,NGN/USD Exchange Rate
2020-09-27,379.5,NGN/USD Exchange Rate
2020-10-04,379.5,NGN/USD Exchange Rate
2020-10-11,379.75,NGN/USD Exchange Rate
2020-10-18,379.5,NGN/USD Exchange Rate
2020-10-25,379.5,NGN/USD Exchange Rate
2020-11-01,379.5,NGN/USD Exchange Rate
2020-11-08,379.5,NGN/USD Exchange Rate
2020-11-15,379.5,NGN/USD Exchange Rate
2020-11-22,379.5,NGN/USD Exchange Rate
2020-11-29,379.5,NGN/USD Exchange Rate
2020-12-06,379.5,NGN/USD Exchange Rate
2020-12-13,379.5,NGN/USD Exchange Rate
2020-12-20,379.5,NGN/USD Exchange Rate
2020-12-27,379.5,NGN/USD Exchange Rate
2021-01-03,379.5,NGN/USD Exchange Rate
2021-01-10,379.5,NGN/USD Exchange Rate
2021-01-17,379.5,NGN/USD Exchange Rate
2021-01-24,379.5,NGN/USD Exchange Rate
2021-01-31,379.5,NGN/USD Exchange Rate
2021-02-07,379.5,NGN/USD Exchange Rate
2021-02-14,379.5,NGN/USD Exchange Rate
2021-02-21,379.5,NGN/USD Exchange Rate
2021-02-28,379.5,NGN/USD Exchange Rate
2021-03-07,379.5,NGN/USD Exchange Rate
2021-03-14,379.5,NGN/USD Exchange Rate
2021-03-21,379.5,NGN/USD Exchange Rate
2021-03-28,379.5,NGN/USD Exchange Rate
2021-04-04,379.5,NGN/USD Exchange Rate
2021-04-11,379.5,NGN/USD Exchange Rate
2021-04-18,379.5,NGN/USD Exchange Rate
2021-04-25,379.5,NGN/USD Exchange Rate
2021-05-02,379.5,NGN/USD Exchange Rate
2021-05-09,379.5,NGN/USD Exchange Rate
2021-05-16,379.5,NGN/USD Exchange Rate
2021-05-23,410.5,NGN/USD Exchange Rate
2021-05-30,409.65,NGN/USD Exchange Rate
2021-06-06,409.62,NGN/USD Exchange Rate
2021-06-13,409.644,NGN/USD Exchange Rate
2021-06-20,409.6875,NGN/USD Exchange Rate
2021-06-27,409.682,NGN/USD Exchange Rate
2021-07-04,409.66,NGN/USD Exchange Rate
2021-07-11,409.618,NGN/USD Exchange Rate
2021-07-18,409.622,NGN/USD Exchange Rate
2021-07-25,409.635,NGN/USD Exchange Rate
2021-08-01,409.646,NGN/USD Exchange Rate
2021-08-08,409.608,NGN/USD Exchange Rate
2021-08-15,409.618,NGN/USD Exchange Rate
2021-08-22,409.616,NGN/USD Exchange Rate
2021-08-29,409.71,NGN/USD Exchange Rate
2021-09-05,409.846,NGN/USD Exchange Rate
2021-09-12,409.946,NGN/USD Exchange Rate
2021-09-19,410.05,NGN/USD Exchange Rate
2021-09-26,410.138,NGN/USD Exchange Rate
2021-10-03,410.02,NGN/USD Exchange Rate
2021-10-10,410.316,NGN/USD Exchange Rate
2021-10-17,410.386,NGN/USD Exchange Rate
2021-10-24,410.4125,NGN/USD Exchange Rate
2021-10-31,410.536,NGN/USD Exchange Rate
2021-11-07,410.736,NGN/USD Exchange Rate
2021-11-14,410.868,NGN/USD Exchange Rate
2021-11-21,411.044,NGN/USD Exchange Rate
2021-11-28,410.636,NGN/USD Exchange Rate
2021-12-05,410.694,NGN/USD Exchange Rate
2021-12-12,410.744,NGN/USD Exchange Rate
2021-12-19,410.82,NGN/USD Exchange Rate
2021-12-26,411.422,NGN/USD Exchange Rate
2022-01-02,412.23,NGN/USD Exchange Rate
2022-01-09,413.39,NGN/USD Exchange Rate
2022-01-16,414.098,NGN/USD Exchange Rate
2022-01-23,414.79,NGN/USD Exchange Rate
2022-01-30,415.488,NGN/USD Exchange Rate
2022-02-06,415.95,NGN/USD Exchange Rate
2022-02-13,416.718,NGN/USD Exchange Rate
2022-02-20,415.846,NGN/USD Exchange Rate
2022-02-27,415.916,NGN/USD Exchange Rate
2022-03-06,415.918,NGN/USD Exchange Rate
2022-03-13,415.832,NGN/USD Exchange Rate
2022-03-20,415.92,NGN/USD Exchange Rate
2022-03-27,415.76,NGN/USD Exchange Rate
2022-04-03,415.738,NGN/USD Exchange Rate
2022-04-10,415.658,NGN/USD Exchange Rate
2022-04-17,415.05,NGN/USD Exchange Rate
2022-04-24,415.435,NGN/USD Exchange Rate
2022-05-01,415.336,NGN/USD Exchange Rate
2022-05-08,415.2033,NGN/USD Exchange Rate
2022-05-15,414.7987,NGN/USD Exchange Rate
2022-05-22,415.15,NGN/USD Exchange Rate
2022-05-29,415.186,NGN/USD Exchange Rate
2022-06-05,415.01,NGN/USD Exchange Rate
2022-06-12,415.156,NGN/USD Exchange Rate
2022-06-19,415.175,NGN/USD Exchange Rate
2022-06-26,415.096,NGN/USD Exchange Rate
2022-07-03,414.718,NGN/USD Exchange Rate
2022-07-10,414.786,NGN/USD Exchange Rate
2022-07-17,414.8833,NGN/USD Exchange Rate
2022-07-24,415.124,NGN/USD Exchange Rate
2022-07-31,415.588,NGN/USD Exchange Rate
2022-08-07,417.122,NGN/USD Exchange Rate
2022-08-14,418.828,NGN/USD Exchange Rate
2022-08-21,420.38,NGN/USD Exchange Rate
2022-08-28,421.878,NGN/USD Exchange Rate
2022-09-04,423.442,NGN/USD Exchange Rate
2022-09-11,426.736,NGN/USD Exchange Rate
2022-09-18,428.598,NGN/USD Exchange Rate
2022-09-25,430.234,NGN/USD Exchange Rate
2022-10-02,431.8575,NGN/USD Exchange Rate
2022-10-09,433.61,NGN/USD Exchange Rate
2022-10-16,435.1767,NGN/USD Exchange Rate
2022-10-23,436.644,NGN/USD Exchange Rate
2022-10-30,437.674,NGN/USD Exchange Rate
2022-11-06,439.14,NGN/USD Exchange Rate
2022-11-13,440.648,NGN/USD Exchange Rate
2022-11-20,442.342,NGN/USD Exchange Rate
2022-11-27,443.486,NGN/USD Exchange Rate
2022-12-04,444.1928,NGN/USD Exchange Rate
2022-12-11,444.982,NGN/USD Exchange Rate
2022-12-18,445.602,NGN/USD Exchange Rate
2022-12-25,446.62,NGN/USD Exchange Rate
2023-01-01,448.07,NGN/USD Exchange Rate
2023-01-08,449.7925,NGN/USD Exchange Rate
2023-01-15,452.002,NGN/USD Exchange Rate
2023-01-22,454.576,NGN/USD Exchange Rate
2023-01-29,460.16,NGN/USD Exchange Rate
2023-02-05,460.46,NGN/USD Exchange Rate
2023-02-12,460.364,NGN/USD Exchange Rate
2023-02-19,460.542,NGN/USD Exchange Rate
2023-02-26,460.454,NGN/USD Exchange Rate
2023-03-05,460.462,NGN/USD Exchange Rate
2023-03-12,460.52,NGN/USD Exchange Rate
2023-03-19,460.43,NGN/USD Exchange Rate
2023-03-26,460.434,NGN/USD Exchange Rate
2023-04-02,460.344,NGN/USD Exchange Rate
2023-04-09,460.345,NGN/USD Exchange Rate
2023-04-16,460.43,NGN/USD Exchange Rate
2023-04-23,460.49,NGN/USD Exchange Rate
2023-04-30,460.405,NGN/USD Exchange Rate
2023-05-07,460.39,NGN/USD Exchange Rate
2023-05-14,460.534,NGN/USD Exchange Rate
2023-05-21,460.75,NGN/USD Exchange Rate
2023-05-28,460.882,NGN/USD Exchange Rate
2023-06-04,461.3325,NGN/USD Exchange Rate
2023-06-11,462.182,NGN/USD Exchange Rate
2023-06-18,622.2367,NGN/USD Exchange Rate
2023-06-25,711.158,NGN/USD Exchange Rate
2023-07-02,761.0333,NGN/USD Exchange Rate
2023-07-09,761.516,NGN/USD Exchange Rate
2023-07-16,772.8306,NGN/USD Exchange Rate
2023-07-23,777.5888,NGN/USD Exchange Rate
2023-07-30,769.7896,NGN/USD Exchange Rate
2023-08-06,758.1212,NGN/USD Exchange Rate
2023-08-13,766.39,NGN/USD Exchange Rate
2023-08-20,757.995,NGN/USD Exchange Rate
2023-08-27,763.5008,NGN/USD Exchange Rate
2023-09-03,757.049,NGN/USD Exchange Rate
2023-09-10,757.3642,NGN/USD Exchange Rate
2023-09-17,762.9728,NGN/USD Exchange Rate
2023-09-24,761.8424,NGN/USD Exchange Rate
2023-10-01,771.2763,NGN/USD Exchange Rate
2023-10-08,760.098,NGN/USD Exchange Rate
2023-10-15,765.5116,NGN/USD Exchange Rate
2023-10-22,822.9094,NGN/USD Exchange Rate
2023-10-29,801.6558,NGN/USD Exchange Rate
2023-11-05,827.977,NGN/USD Exchange Rate
2023-11-12,842.8962,NGN/USD Exchange Rate
2023-11-19,835.3165,NGN/USD Exchange Rate
2023-11-26,820.7453,NGN/USD Exchange Rate
2023-12-03,884.6445,NGN/USD Exchange Rate
2023-12-10,910.8664,NGN/USD Exchange Rate
2023-12-17,869.2246,NGN/USD Exchange Rate
2023-12-24,909.7858,NGN/USD Exchange Rate
2023-12-31,892.344,NGN/USD Exchange Rate
2024-01-07,929.0598,NGN/USD Exchange Rate
2024-01-14,904.4742,NGN/USD Exchange Rate
2024-01-21,876.5241,NGN/USD Exchange Rate
2024-01-28,929.5307,NGN/USD Exchange Rate
2024-02-04,1244.0236,NGN/USD Exchange Rate
2024-02-11,1445.2584,NGN/USD Exchange Rate
2024-02-18,1506.971,NGN/USD Exchange Rate
2024-02-25,1521.0158,NGN/USD Exchange Rate
2024-03-03,1598.3756,NGN/USD Exchange Rate
2024-03-10,1591.8794,NGN/USD Exchange Rate
2024-03-17,1600.3758,NGN/USD Exchange Rate
2024-03-24,1460.546,NGN/USD Exchange Rate
2024-03-31,1353.6538,NGN/USD Exchange Rate
2024-04-07,1272.1528,NGN/USD Exchange Rate
2024-04-14,1188.406,NGN/USD Exchange Rate
2024-04-21,1147.6038,NGN/USD Exchange Rate
2024-04-28,1270.2492,NGN/USD Exchange Rate
2024-05-05,1381.8748,NGN/USD Exchange Rate
2024-05-12,1421.1988,NGN/USD Exchange Rate
2024-05-19,1486.496,NGN/USD Exchange Rate
2024-05-26,1471.1304,NGN/USD Exchange Rate
2024-06-02,1372.8436,NGN/USD Exchange Rate
2024-06-09,1472.5308,NGN/USD Exchange Rate
2024-06-16,1476.5085,NGN/USD Exchange Rate
2024-06-23,1480.712,NGN/USD Exchange Rate
2024-06-30,1495.8404,NGN/USD Exchange Rate
2024-07-07,1511.0315,NGN/USD Exchange Rate
2024-07-14,1544.1456,NGN/USD Exchange Rate
2024-07-21,1578.4372,NGN/USD Exchange Rate
2024-07-28,1574.2772,NGN/USD Exchange Rate
2024-08-04,1610.0572,NGN/USD Exchange Rate
2024-08-11,1588.384,NGN/USD Exchange Rate
2024-08-18,1577.1638,NGN/USD Exchange Rate
2024-08-25,1577.9932,NGN/USD Exchange Rate
2024-09-01,1595.1742,NGN/USD Exchange Rate
2024-09-08,1612.652,NGN/USD Exchange Rate
2024-09-15,1616.361,NGN/USD Exchange Rate
2024-09-22,1615.189,NGN/USD Exchange Rate
2024-09-29,1629.497,NGN/USD Exchange Rate
2024-10-06,1634.3153,NGN/USD Exchange Rate
2024-10-13,1619.9358,NGN/USD Exchange Rate
2024-10-20,1640.5162,NGN/USD Exchange Rate
2024-10-27,1643.8642,NGN/USD Exchange Rate
2024-11-03,1660.5408,NGN/USD Exchange Rate
2024-11-10,1667.1786,NGN/USD Exchange Rate
2024-11-17,1665.958,NGN/USD Exchange Rate
2024-11-24,1674.9724,NGN/USD Exchange Rate
2024-12-01,1673.8694,NGN/USD Exchange Rate
2024-12-08,1607.7025,NGN/USD Exchange Rate
2024-12-15,1533.0504,NGN/USD Exchange Rate
2024-12-22,1535.6806,NGN/USD Exchange Rate
2024-12-29,1537.0591,NGN/USD Exchange Rate
2025-01-05,1536.6636,NGN/USD Exchange Rate
2025-01-12,1537.55,NGN/USD Exchange Rate
2025-01-19,1547.5791,NGN/USD Exchange Rate
2025-01-26,1546.4817,NGN/USD Exchange Rate
2025-02-02,1509.3612,NGN/USD Exchange Rate
2025-02-09,1496.6864,NGN/USD Exchange Rate
2025-02-16,1504.2391,NGN/USD Exchange Rate
2025-02-23,1504.721,NGN/USD Exchange Rate
2025-03-02,1496.2398,NGN/USD Exchange Rate
2025-03-09,1503.6996,NGN/USD Exchange Rate
2025-03-16,1533.6456,NGN/USD Exchange Rate
2025-03-23,1531.2981,NGN/USD Exchange Rate
2025-03-30,1534.8339,NGN/USD Exchange Rate
2025-04-06,1549.7658,NGN/USD Exchange Rate
2025-04-13,1609.3719,NGN/USD Exchange Rate
2025-04-20,1600.2933,NGN/USD Exchange Rate
2025-04-27,1601.077,NGN/USD Exchange Rate
2025-05-04,1599.1302,NGN/USD Exchange Rate
2025-05-11,1606.8323,NGN/USD Exchange Rate
2025-05-18,1598.5441,NGN/USD Exchange Rate
2025-05-25,1587.3075,NGN/USD Exchange Rate
2025-06-01,1584.7397,NGN/USD Exchange Rate
2025-06-08,1569.36,NGN/USD Exchange Rate
2025-06-15,1542.5413,NGN/USD Exchange Rate
2025-06-22,1546.6767,NGN/USD Exchange Rate
2025-06-29,1543.9279,NGN/USD Exchange Rate
2025-07-06,1527.4668,NGN/USD Exchange Rate
2025-07-13,1526.4091,NGN/USD Exchange Rate
2025-07-20,1528.1487,NGN/USD Exchange Rate
2025-07-27,1534.0809,NGN/USD Exchange Rate
2025-08-03,1533.3422,NGN/USD Exchange Rate
2025-08-10,1532.8581,NGN/USD Exchange Rate
2025-08-17,1534.4779,NGN/USD Exchange Rate
2025-08-24,1534.7324,NGN/USD Exchange Rate
2025-08-31,1535.132,NGN/USD Exchange Rate
2025-09-07,1521.6186,NGN/USD Exchange Rate
2025-09-14,1502.9947,NGN/USD Exchange Rate
2025-09-21,1491.998,NGN/USD Exchange Rate
2025-09-28,1486.1892,NGN/USD Exchange Rate
2025-10-05,1467.6525,NGN/USD Exchange Rate
2025-10-12,1466.2593,NGN/USD Exchange Rate
2025-10-19,1467.5844,NGN/USD Exchange Rate
2025-10-26,1461.6268,NGN/USD Exchange Rate
2025-11-02,1440.3251,NGN/USD Exchange Rate
2025-11-09,1435.8632,NGN/USD Exchange Rate
2025-11-16,1440.092,NGN/USD Exchange Rate
2025-11-23,1451.2008,NGN/USD Exchange Rate
2025-11-30,1446.245,NGN/USD Exchange Rate
2025-12-07,1447.4466,NGN/USD Exchange Rate
2025-12-14,1453.4172,NGN/USD Exchange Rate
2025-12-21,1456.4469,NGN/USD Exchange Rate
2025-12-28,1449.4758,NGN/USD Exchange Rate
2026-01-04,1438.2001,NGN/USD Exchange Rate
2026-01-11,1421.4027,NGN/USD Exchange Rate
2026-01-18,1419.1774,NGN/USD Exchange Rate
2026-01-25,1420.3031,NGN/USD Exchange Rate
2026-02-01,1400.3388,NGN/USD Exchange Rate
2026-02-08,1370.2626,NGN/USD Exchange Rate
2026-02-15,1352.1609,NGN/USD Exchange Rate
2026-02-22,1341.4037,NGN/USD Exchange Rate
2026-03-01,1356.2875,NGN/USD Exchange Rate
2026-03-08,1385.523,NGN/USD Exchange Rate
2026-03-15,1381.2178,NGN/USD Exchange Rate
2026-03-22,1351.2285,NGN/USD Exchange Rate
2026-03-29,1383.9362,NGN/USD Exchange Rate
2026-04-05,1381.9481,NGN/USD Exchange Rate
2026-04-12,1368.1713,NGN/USD Exchange Rate
2026-04-19,1345.4271,NGN/USD Exchange Rate
2026-04-26,1351.7413,NGN/USD Exchange Rate
2026-05-03,1374.3369,NGN/USD Exchange Rate
2026-05-10,1360.7747,NGN/USD Exchange Rate
2026-05-17,1371.7542,NGN/USD Exchange Rate
2026-05-24,1373.2362,NGN/USD Exchange Rate
2026-05-31,1374.0263,NGN/USD Exchange Rate
2026-06-07,1360.7133,NGN/USD Exchange Rate
2026-06-14,1361.8179,NGN/USD Exchange Rate
2026-06-21,1360.9567,NGN/USD Exchange Rate
2026-06-28,1375.6724,NGN/USD Exchange Rate
2026-07-05,1374.7119,NGN/USD Exchange Rate
2026-07-12,1375.7263,NGN/USD Exchange Rate
2026-07-19,1380.8249,NGN/USD Exchange Rate
2026-07-26,1370.4792,NGN/USD Exchange Rate
2026-08-02,1365.3803,NGN/USD Exchange Rate
2026-08-09,1363.8616,NGN/USD Exchange Rate
1996,296587337.2978,Remittance Inflows (USD)
1997,585738409.7654,Remittance Inflows (USD)
1998,448546824.8082,Remittance Inflows (USD)
1999,1301055577.2752,Remittance Inflows (USD)
2000,1391826072.1356,Remittance Inflows (USD)
2001,1166614597.966,Remittance Inflows (USD)
2002,1208958587.6491,Remittance Inflows (USD)
2003,1062820789.1282,Remittance Inflows (USD)
2004,2272734507.116,Remittance Inflows (USD)
2005,14640084309.7025,Remittance Inflows (USD)
2006,16932144078.5376,Remittance Inflows (USD)
2007,18014430786.8868,Remittance Inflows (USD)
2008,19199974036.2717,Remittance Inflows (USD)
2009,18370796914.562,Remittance Inflows (USD)
2010,19744755062.5938,Remittance Inflows (USD)
2011,20616772500.8206,Remittance Inflows (USD)
2012,20542884459.8857,Remittance Inflows (USD)
2013,20797073957.3776,Remittance Inflows (USD)
2014,20999084800.0,Remittance Inflows (USD)
2015,20626046924.0079,Remittance Inflows (USD)
2016,19697938003.8912,Remittance Inflows (USD)
2017,22037016831.8378,Remittance Inflows (USD)
2018,24311022415.6069,Remittance Inflows (USD)
2019,23809281401.0144,Remittance Inflows (USD)
2020,17207547305.9954,Remittance Inflows (USD)
2021,19483402058.9105,Remittance Inflows (USD)
2022,20127614150.5134,Remittance Inflows (USD)
2023,19549549365.0158,Remittance Inflows (USD)
2024,22126757545.065,Remittance Inflows (USD)
2025,22789097830.3714,Remittance Inflows (USD)
